smiles,y
NC(=O)Nc1sc(-c2ccc(F)cc2)cc1C(N)=O,-0.6989700043360189
O[C@H]1CC[C@H](Nc2ccc3nnc(-c4cccc(C(F)(F)F)c4)n3n2)CC1,-3.380211241711606
c1ccc(-c2ncnc3[nH]ccc23)cc1,-2.683947130751512
Clc1cnc2[nH]cc(-c3ccccc3)c2c1,-2.4149733479708178
CCC1Nc2ccccc2-c2ccnc3[nH]cc1c23,-3.230448921378274
CC(C)CC1Nc2ccccc2-c2ccnc3[nH]cc1c23,-3.531478917042255
CC(C)C1Nc2ccccc2-c2ccnc3[nH]cc1c23,-3.3010299956639813
CC(C)(C)C1Nc2ccccc2-c2ccnc3[nH]cc1c23,-3.322219294733919
COC(=O)CC1Nc2ccccc2-c2ccnc3[nH]cc1c23,-2.6627578316815743
c1ccc2c(c1)NCc1c[nH]c3nccc-2c13,-2.8750612633917
c1ccc2c(c1)NC(C1CCCCC1)c1c[nH]c3nccc-2c13,-3.462397997898956
c1ccc(COCC2Nc3ccccc3-c3ccnc4[nH]cc2c34)cc1,-3.255272505103306
c1ccc(CC2Nc3ccccc3-c3ccnc4[nH]cc2c34)cc1,-3.0
OCCCCC1Nc2ccccc2-c2ccnc3[nH]cc1c23,-3.380211241711606
OCCCC1Nc2ccccc2-c2ccnc3[nH]cc1c23,-3.380211241711606
c1ccc(C2Nc3ccccc3-c3ccnc4[nH]cc2c34)cc1,-2.568201724066995
Fc1ccccc1C1Nc2ccccc2-c2ccnc3[nH]cc1c23,-2.342422680822206
Fc1cccc(C2Nc3ccccc3-c3ccnc4[nH]cc2c34)c1,-2.3010299956639813
Fc1ccc(C2Nc3ccccc3-c3ccnc4[nH]cc2c34)cc1,-2.690196080028514
Fc1cccc(F)c1C1Nc2ccccc2-c2ccnc3[nH]cc1c23,-2.113943352306837
Fc1ccc(C2Nc3ccccc3-c3ccnc4[nH]cc2c34)c(F)c1,-2.322219294733919
Fc1ccc(F)c(C2Nc3ccccc3-c3ccnc4[nH]cc2c34)c1F,-1.7481880270062005
Fc1ccc(C2Nc3ccccc3-c3ccnc4[nH]cc2c34)c(F)c1F,-2.4471580313422194
Oc1ccccc1C1Nc2ccccc2-c2ccnc3[nH]cc1c23,-3.041392685158225
Oc1ccc(C2Nc3ccccc3-c3ccnc4[nH]cc2c34)cc1,-0.2041199826559248
Oc1ccc(C2Nc3ccccc3-c3ccnc4[nH]cc2c34)cc1F,0.3010299956639812
Oc1ccc(C2Nc3ccccc3-c3ccnc4[nH]cc2c34)c(F)c1,0.2218487496163563
OB(O)c1ccc(C2Nc3ccccc3-c3ccnc4[nH]cc2c34)cc1,-1.1139433523068367
Oc1ccc(C2Nc3ccccc3-c3ccnc4[nH]cc2c34)c(Cl)c1,-0.6020599913279624
Oc1ccc(C2Nc3ccccc3-c3ccnc4[nH]cc2c34)cc1Br,-0.3010299956639812
COc1ccc(C2Nc3ccccc3-c3ccnc4[nH]cc2c34)cc1,-1.6232492903979006
OCc1ccc(C2Nc3ccccc3-c3ccnc4[nH]cc2c34)cc1,-0.4771212547196624
Nc1ccc(C2Nc3ccccc3-c3ccnc4[nH]cc2c34)cc1,-1.8512583487190752
CS(=O)(=O)Nc1ccc(C2Nc3ccccc3-c3ccnc4[nH]cc2c34)cc1,-3.322219294733919
O=C(O)c1ccc(C2Nc3ccccc3-c3ccnc4[nH]cc2c34)cc1,-3.4913616938342726
CNC(=O)c1ccc(C2Nc3ccccc3-c3ccnc4[nH]cc2c34)cc1,-3.6232492903979
c1ccc2c(c1)NC(c1ccncc1)c1c[nH]c3nccc-2c13,-3.113943352306837
c1ccc(C2Nc3ccccc3-c3ncnc4[nH]cc2c34)cc1,-3.57978359661681
Fc1cccc(C2Nc3ccccc3-c3ncnc4[nH]cc2c34)c1,-3.1760912590556813
Oc1ccc(C2Nc3ccccc3-c3ncnc4[nH]cc2c34)c(F)c1,-0.0
Oc1ccc(C2Nc3ccccc3-c3ncnc4[nH]cc2c34)cc1F,-0.0
Oc1ccc(C2=Nc3ccccc3-c3ncnc4[nH]cc2c34)c(Cl)c1,0.0969100130080563
OCCCCC1=Nc2ccccc2-c2ncnc3[nH]cc1c23,-2.6020599913279625
O=C1c2ccccc2C2c3c[nH]c4nccc(c34)-c3ccccc3N12,-3.653212513775344
COC(=O)C1(c2ccc([N+](=O)[O-])cc2)Nc2ccccc2-c2ccnc3[nH]cc1c23,-2.322219294733919
COC(=O)C1(c2ccc(O)c(F)c2)Nc2ccccc2-c2ccnc3[nH]cc1c23,-1.462397997898956
COC(=O)C1(c2ccc(O)cc2)Nc2ccccc2-c2ccnc3[nH]cc1c23,-2.322219294733919
CCOC(=O)C1(c2ccc(O)cc2)Nc2ccccc2-c2ncnc3[nH]cc1c23,-2.7993405494535817
O=C1NC(c2ccc(O)cc2F)c2c[nH]c3nccc(c23)-c2ccccc21,-1.5314789170422551
COc1ccc(C2NC(=O)c3ccccc3-c3ccnc4[nH]cc2c34)cc1,-3.57978359661681
COc1ccncc1C1=NNC(=O)/C1=N\Nc1ccccc1,-3.544068044350276
CCCc1cn(-c2ccc3[nH]ncc3c2)nn1,-2.8785217955012063
OCCCc1cn(-c2ccc3[nH]ncc3c2)nn1,-3.162265614298021
c1cc2[nH]ncc2cc1-n1cc(C2CC2)nn1,-3.162265614298021
c1cc2[nH]ncc2cc1-n1cc(C2CCCC2)nn1,-2.8981764834976764
c1cc2[nH]ncc2cc1-n1cc(CC2CCCCC2)nn1,-2.44870631990508
c1ccc(CCc2cn(-c3ccc4[nH]ncc4c3)nn2)cc1,-2.9532763366673045
c1ccc(CCCc2cn(-c3ccc4[nH]ncc4c3)nn2)cc1,-2.808885867359812
c1cc2[nH]ncc2cc1-c1c[nH]nn1,-3.162265614298021
Clc1cccc(Cn2cc(-c3ccc4[nH]ncc4c3)nn2)c1,-3.161368002234975
Nc1n[nH]c2ccc(-c3cc(Cc4ccccc4)no3)cc12,-1.2041199826559248
CCCc1cc(-c2ccc3[nH]ncc3c2)on1,-2.6830470382388496
CNc1cncc(-c2c[nH]c(=O)c(NC(=O)c3ccc(N4CCC[C@H]4CN4CCCC4)cc3)c2)n1,-2.568201724066995
Nc1nc(Nc2cc(N3CCOCC3)ccc2F)nn1-c1ccccn1,-2.770852011642144
COc1ccc(Nc2nc(N)n(-c3ccccn3)n2)cc1OC,-1.8260748027008264
Cc1cccc(-c2[nH]c(-c3ccnc(N)n3)cc2C(N)=O)c1C,-3.100001582801352
CC(Oc1cc(-c2cnn(C3CCNCC3)c2)cnc1N)c1c(Cl)ccc(F)c1Cl,-2.0
N#CCOc1ccc(Nc2nc(Nc3cccc(S(N)(=O)=O)c3)ncc2Br)cc1,0.100015437450609
COc1cccc(C(=O)Nc2n[nH]c3ccc(-c4cn(Cc5ccccc5)nn4)cc23)c1,-2.900000965153469
Cc1cc(N2CCOCC2)cc2[nH]c(-c3c(NCC(O)c4cccc(Cl)c4)cc[nH]c3=O)nc12,-0.599992177584098
CC(=O)Nc1c(C(N)=O)sc2ccc(Cl)c(Cl)c12,-2.900000965153469
NC(COc1cncc(-c2ccc3c(c2)C(=Cc2ccc[nH]2)C(=O)N3)c1)Cc1ccccc1,-1.8000293592441343
NC1CCC(Nc2nccc(-c3c[nH]c4ncccc34)n2)CC1,-2.400002345927956
NC1CCCCC1Nc1nccc(-c2c[nH]c3ncccc23)n1,-2.900000965153469
O=C(O)c1ccccc1Nc1ccnc(Nc2ccc3cn[nH]c3c2)n1,-1.4999618655961902
OC1CCC(Nc2nc(Cl)cc(-c3c[nH]c4ncccc34)n2)CC1,-2.300008202553813
CCn1c(C)c(-c2ccnc(Nc3cccc(OC)c3)n2)sc1=O,-1.899984562549391
CC(C)(CNc1cc(-c2c[nH]c3ncccc23)cc(Cl)n1)CNS(C)(=O)=O,-3.40000061697638
Fc1ccc(-c2ccc3nccn3n2)cn1,-5.0
CN1c2ccc(N)cc2C(c2ccccc2)c2cc(N)ccc21,-3.0
OCCNc1cc2cc(-c3cccnc3)ccc2cn1,-3.100001582801352
Nc1n[nH]c2ncc(Br)cc12,-4.0
CCCCN(CCC#N)C(=O)c1ccc2nc(-c3n[nH]c4ccccc34)[nH]c2c1,-2.0
C=CCn1c(=O)c2cnc(Nc3ccc(N4CCN(C)CC4)cc3)nc2n1-c1cccc(C(C)(C)O)n1,-3.100001582801352
NS(=O)(=O)c1cccc(Nc2ncc3ccn(-c4ccccc4)c3n2)c1,-1.1000257301078626
CCOC(=O)Cc1nc2c3cc(Br)ccc3[nH]c(=O)n2n1,-3.40000061697638
COc1ccc2c(c1)C(=Cc1c[nH]cn1)C(=O)N2,-2.7000023971422538
CCN1CCN(c2ccc(Nc3ncc(Cl)c(Nc4ccc5[nH]ncc5c4)n3)cc2)CC1,-0.4000196350651585
Cn1cc(-c2cc3nc(Br)cnc3[nH]2)c2cc(C#N)ccc21,-2.7000023971422538
O=C1NCCc2[nH]c(-c3ccnc(C=Cc4ccccc4)c3)cc21,-2.800001827817969
Cc1cccc(NC(=O)Cc2ccc(-c3cccc4[nH]nc(N)c34)cc2)c1,-2.800001827817969
Cc1ccnc2[nH]c3cc(C(C)C)ccc3c(=O)c12,-2.800001827817969
CNC(=O)c1cc(Oc2ccc(NC(=O)Nc3cccc(C(F)(F)F)c3)cc2)ccn1,-2.800001827817969
Nc1ncnc2scc(-c3ccc(NC(=O)Nc4cc(C(F)(F)F)ccc4F)cc3)c12,-2.200001865406602
N#Cc1ccc2nc(N)n(-c3nc4c(s3)CCCC4)c2c1,-3.40000061697638
Nc1n[nH]c2ccc(-c3nnn(Cc4ccccc4)c3I)cc12,-1.1000257301078626
COCOc1cccc(OCOC)c1-c1ccc(NS(C)(=O)=O)cc1C(=O)OC,-3.299999496116984
COc1ccc(C2=NNc3cccc4c(OC)ccc2c34)cc1OC,-3.0
CNC(=O)COc1ccc(Nc2nc(Nc3ccc(C)c(S(N)(=O)=O)c3)ncc2F)cc1,-1.299942900022767
CC(=O)Nc1cccc(CNc2c(Nc3ccc4[nH]ncc4c3)c(=O)c2=O)c1,-2.60000308662774
Cn1cc(-c2cnc(N)c3c(-c4ccc(NC(=O)Nc5ccc(OC(F)F)cc5)cc4)csc23)cn1,-2.800001827817969
Cc1n[nH]c2cccc(-c3ccc(NC(=O)Nc4cccc(C(F)(F)F)c4)cc3)c12,-3.1999991251967965
CC1CCCN1CCc1cc2cc(-c3ccc(OC(F)(F)F)cc3)ccc2[nH]1,-3.0
c1cc2cc(-c3ccc4cn[nH]c4c3)cnc2[nH]1,-2.200001865406602
CCN(CC)CCCNC(=O)c1cnc(N)c2c(-c3ccc(NC(=O)Nc4cccc(C)c4)cc3)csc12,-3.1999991251967965
O=C1CN=C(c2ccc(F)cc2)c2cn[nH]c2N1,-5.0
CCN1CCN(Cc2ccc(NC(=O)Nc3ccc(Oc4cc(NC)ncn4)cc3)cc2C(F)(F)F)CC1,-3.0
NS(=O)(=O)c1cccc(Nc2ncc3ccn(Cc4ccccc4)c3n2)c1,-0.7000110623221123
c1ccc(CNc2nc(Nc3cc(C4CC4)[nH]n3)c3sccc3n2)cc1,-0.2999429000227671
CCCS(=O)(=O)Nc1ccc(-c2ccc3[nH]nc(NC(=O)CC)c3c2)cc1,-1.599992177584098
CNC(=O)C=Cc1cnc(N)c2c(-c3cc(F)c4[nH]c(C)cc4c3)csc12,-2.400002345927956
O=c1[nH]c2cc(Br)cnc2[nH]1,-4.899999981014695
CNC(=O)c1cnc(N)c2c(-c3ccc(NC(=O)Nc4cccc(Cl)c4)cc3)csc12,-1.0
Cc1cc(Nc2nc(Cl)cc(NCc3ccccc3)n2)n[nH]1,-1.1000257301078626
O=C(O)c1ccccc1Nc1ccnc(Nc2ccc([N+](=O)[O-])cc2)n1,-2.800001827817969
CCCCCCCCCCCCCCCC[n+]1ccn(Cc2ccccc2)c1C,-2.900000965153469
NC(=O)c1cc(-c2ccnc(N)n2)[nH]c1-c1ccc(Cl)cc1F,-2.0
Cc1cccc(NC(=O)Nc2ccc(-c3csc4c(C#CCCCCCCCCN)cnc(N)c34)cc2)c1,-3.1999991251967965
Cc1cccc(NC(=O)Nc2ccc(-c3csc4c(-c5cnn(C)c5)cnc(N)c34)cc2)c1,-1.8000293592441343
OCc1cc(-c2ccc3[nH]ncc3c2)on1,-4.399999925393822
NC(=O)c1cc(-c2ccnc(N)n2)[nH]c1-c1ccc(Cl)cc1Cl,-1.299942900022767
COc1cc(Nc2ncnc(N3CCCc4cc(C)ccc43)n2)cc(OC)c1OC,-3.40000061697638
COc1ccc(-c2cc3nccn3c(Nc3ccccc3C(N)=O)n2)cc1OC,-2.900000965153469
CC(C)(C)c1ccc2nc(-c3n[nH]c4ccccc34)[nH]c2c1,-1.7000110623221123
CNC1CC2OC(C)(C1OC)n1c3ccccc3c3c4c(c5c6ccccc6n2c5c31)C(=O)NC4,0.100015437450609
Cn1cc(Nc2ncc(Cl)c(Nc3ccccc3C(N)=O)n2)cn1,-0.8000293592441343
CCN(CC)CCNC(=O)C=Cc1cnc(N)c2c(-c3ccc(NC(=O)Nc4cccc(C)c4)cc3)csc12,-2.200001865406602
Nc1nnc2cncc(Cl)n12,-4.500000046671104
CNC(=O)C=Cc1cnc(N)c2c(-c3ccc4c(c3)OCO4)csc12,-2.900000965153469
OCC(CO)Nc1ncnc2[nH]cc(-c3ccccc3)c12,-2.7000023971422538
CCS(=O)(=O)Nc1ccc(-c2ccc3[nH]nc(N)c3c2)cc1,-1.7000110623221123
CS(=O)(=O)Nc1ccc(-c2ccc3[nH]nc(N)c3c2)cc1,-1.899984562549391
O=c1[nH]cnc2c(Cl)cccc12,-4.199999947261554
CC1CCN(C(=O)CO)CC1N(C)c1ncnc2[nH]ccc12,-2.500003068051693
CN(C)CC(O)COc1ccc(Nc2nccc(Nc3cc(Cl)ccc3Cl)n2)cc1,-2.099991233544684
Cc1cc(=O)n2ccc(CN(C)C)c(O)c2n1,-1.899984562549391
CCN(C(C)=O)c1ccc(Nc2nc(NC3CC3)c3nc[nH]c3n2)cc1,-1.1000257301078626
Nc1ncnc2c1N=C(c1ccc(NC(=O)Nc3cc(C(F)(F)F)ccc3F)cc1)CCN2,-2.7000023971422538
Clc1cc(-c2c[nH]c3ncccc23)nc(NC2CCOCC2)n1,-2.500003068051693
Cn1cc(-c2cc3nc(Br)cnc3[nH]2)c2ccccc21,-3.100001582801352
Cc1cccc(NC(=O)Nc2ccc(-c3csc4c(C#CCN)cnc(N)c34)cc2)c1,-2.500003068051693
Cc1c(-c2ccc3[nH]nc(N)c3c2)nnn1Cc1ccccc1,-2.200001865406602
CN1CCN(c2ccc3nc(-c4c(N)c5c(F)cccc5[nH]c4=O)[nH]c3c2)CC1,-3.0
CC(=O)c1cccc(-c2ccc3nccn3n2)c1,-4.500000046671104
Cn1nc(N)c2c(-c3ccc(NC(=O)Nc4cccc(C(F)(F)F)c4)cc3)cncc21,-1.899984562549391
Nc1n[nH]c2cccc(-c3ccc(NC(=O)Nc4ccccc4)cc3)c12,-2.800001827817969
Cn1cc(Nc2ncc(Br)c(Nc3ccccc3C(N)=O)n2)cn1,-0.599992177584098
Cc1nc(N)sc1-c1ccnc(Nc2ccc(N3CCOCC3)cc2)n1,-1.8000293592441343
CNC(=O)c1ccccc1Nc1nc(Nc2ccc(N3CCOCC3)cc2OC)ncc1Cl,-2.900000965153469
c1ccc(CNc2cc(-c3c[nH]c4ncccc34)ncn2)cc1,-1.8000293592441343
Cc1cccc(NC(=O)Nc2ccc(-c3csc4c(C#Cc5cccnc5)cnc(N)c34)cc2)c1,-2.7000023971422538
Nc1cc2nc(-c3ccccc3)cn2cn1,-4.099999857942367
CCN(CC)CCOc1ccc(Nc2ncc3cc(-c4c(Cl)cccc4Cl)c(=O)n(C)c3n2)cc1,-1.599992177584098
CC(=O)NCC(=O)N1C2CCC1c1cc(Nc3ncc(C(F)(F)F)c(NC4CCC4)n3)ccc12,-0.599992177584098
OCCNc1cc2cc(-c3ccsc3)ccc2cn1,-2.900000965153469
CCC(=O)Nc1ccc(C(=O)N2CCNCC2)c(O)c1,-2.7000023971422538
CSc1cnc2c(ccc3cnccc32)c1O,-3.100001582801352
COc1ccc(C(=O)Nc2n[nH]c3ccc(-c4cn(Cc5ccccc5)nn4)cc23)cc1OC,-2.099991233544684
CC(=NNC(=N)N)c1cc(NC(=O)c2cccc(C(=O)Nc3cc(C(C)=NNC(=N)N)cc(C(C)=NNC(=N)N)c3)c2)cc(C(C)=NNC(=N)N)c1,-2.300008202553813
O=c1[nH][nH]c2ccc(Br)cc12,-4.399999925393822
O=C1NN=Cc2c[nH]c3cc(NC(=O)C4CC4c4ccccc4)cc1c23,-1.2000292665537704
Cc1cccc(NC(=O)Nc2ccc(-c3coc4ncnc(N)c34)cc2)c1,-3.100001582801352
O=C(Nc1cccc(C(F)(F)F)n1)Nc1ccnc2cc(F)c(F)cc12,-3.40000061697638
Clc1cc(Nc2nc(NC3CC3)c3sccc3n2)ccc1N1CCOCC1,-3.100001582801352
NC(=O)c1cc(-c2cccs2)n2nccc2n1,-4.899999981014695
CC(C)Oc1cc(Nc2nc(NC(C)c3ccc(F)cn3)ncc2Cl)n[nH]1,-2.0
O=c1[nH]c2ccc(Cl)cc2c2ncnn12,-5.0
CN1CCN(c2ccc(C(=O)Nc3n[nH]c4ccc(Cc5cc(F)cc(F)c5)cc34)c(NC3CCOCC3)c2)CC1,-1.299942900022767
CN(C)C1CCC(Nc2nc(Cl)cc(-c3c[nH]c4ncccc34)n2)CC1,-3.100001582801352
COC(=O)c1c(N)nc2ccccn12,-4.899999981014695
Cn1cc(-c2cc3nc(Br)cnc3[nH]2)c2cc(F)ccc21,-2.900000965153469
CCCNC(=O)c1ccc(Nc2nc(CC)c3cc[nH]c3n2)cc1,-3.0
COCCOC1CCC(n2nc(-c3ccc(Nc4nc5cc(C)cc(C)c5o4)cc3)c3c(N)ncnc32)CC1,-1.599992177584098
NC1CCCC(Nc2nc(Cl)cc(-c3c[nH]c4ncccc34)n2)C1,-3.100001582801352
Fc1cnc(Nc2ccccc2)nc1Nc1ccccc1,-1.2000292665537704
Nc1ncnc2c1c(I)nn2C1CCC(O)CC1,-2.60000308662774
c1ccc(-c2ccnc3[nH]ccc23)cc1,-4.29999993144297
Cc1cccc(NC(=O)Nc2ccc(-c3csc4ncnc(N)c34)cc2)c1,-2.60000308662774
Nc1n[nH]c2cccc(-c3ccc(Br)cc3)c12,-3.100001582801352
ON=C(c1nc2ccccc2[nH]1)c1nc2ccccc2[nH]1,-3.299999496116984
CC(C)Cc1cc(-c2ccc3[nH]nc(N)c3c2)on1,-2.200001865406602
Nc1nc(=O)[nH]c2sccc12,-4.899999981014695
CN(c1ncccc1CNc1nc(Nc2ccc3c(c2)CC(=O)N3)ncc1C(F)(F)F)S(C)(=O)=O,-1.899984562549391
Cn1cc(-c2cnn3c(N)c(-c4ccc(NC(=O)Nc5cccc(C(F)(F)F)c5)cc4)cnc23)cn1,-1.7000110623221123
Cc1cccc(Nc2nc(NC3CCCCC3N)cnc2C(N)=O)c1,-2.800001827817969
COc1cc(N2CCC(N3CCN(C)CC3)CC2)ccc1Nc1ncc(Cl)c(Nc2ccccc2S(=O)(=O)C(C)C)n1,-2.200001865406602
O=C(O)c1ccccc1Nc1ccnc(Nc2cccc(F)c2)n1,-2.300008202553813
CCCS(=O)(=O)Nc1ccc(-c2ccc3[nH]nc(N)c3c2)cc1,-0.2000292665537703
O=C1NCc2ccc(-c3ccc(Cl)cc3)cc21,-5.0
CN1CCN(c2ccc(-c3cnc4c(c3)N(Cc3c(F)ccc(F)c3Cl)CCN4)cn2)CC1,-2.800001827817969
CC(C)=C(C)c1cccc2c(CCCOc3cccc(Cl)c3Cl)c(C(=O)O)[nH]c12,-3.0
CCC(N)(C#Cc1cnc(N)c2c(-c3ccc(NC(=O)Nc4cccc(C)c4)cc3)csc12)CC,-2.900000965153469
COc1ccc(-n2ccc3cnc(Nc4cc(OC)c(OC)c(OC)c4)nc32)cc1,-1.2000292665537704
CC(Nc1cncc(-n2cnc3ccc(C#N)cc32)n1)c1ccccc1F,-1.8000293592441343
COc1cc(Nc2ncc([N+](=O)[O-])c(Nc3ccccc3C(N)=O)n2)cc(OC)c1OC,-1.4000196350651586
c1ccc(C2CCc3[nH]ncc3C2)cc1,-4.799999969383821
O=C1Nc2cc(-c3ccc(O)cc3)ccc2C1=Cc1ccc[nH]1,-0.7000110623221123
c1nc(-c2ccc3c(c2)OCO3)c2cc[nH]c2n1,-3.0
CC(C)(C)c1nc2c3ccc(F)cc3c3c(=O)[nH]ccc3c2[nH]1,-0.4000196350651585
COc1cc(-c2csc3c(C=CC(=O)NCCN(C)C)cnc(N)c23)ccc1NC(=O)c1cc2ccccc2n1C,-3.40000061697638
CCN(CC)CCNC(=O)c1cccc(-n2nc(C(C)(C)C)cc2NC(=O)Nc2cccc3ccccc23)c1,-3.1999991251967965
CCCS(=O)(=O)Nc1ccc(-c2ccc3[nH]nc(NC(C)=O)c3c2)cc1,-1.1000257301078626
Cc1nc(Nc2ncc(C(=O)Nc3c(C)cccc3Cl)s2)cc(N2CCN(CCO)CC2)n1,-3.100001582801352
CCc1c(-c2ccc(C(C)(C)O)cc2)[nH]c2nccnc12,-2.800001827817969
O=C(Nc1cccc(C(F)(F)F)n1)Nc1ccnc2cc(Cl)ccc12,-3.40000061697638
Cc1ccccc1-c1c(-c2ccc3[nH]nc(N)c3c2)nnn1Cc1ccccc1,-3.0
O=C1Nc2ccc3ncsc3c2C1=CNc1ccc(S(=O)(=O)Nc2ccccn2)cc1,-2.200001865406602
COc1cccc(OC)c1CNc1nc(NC2CCCCC2)nc2ccc(Cl)cc12,-3.100001582801352
Cc1cc(Nc2cc(N3CCN(C)CC3)nc(Sc3ccc(NC(=O)C4CC4)cc3)n2)n[nH]1,-2.400002345927956
O=C(Nc1ccc(-c2ccc(=O)[nH]n2)cc1)Nc1cccc(C(F)(F)F)c1,-1.7000110623221123
OCCNc1cc2cc(-c3ccncc3)ccc2cn1,-3.100001582801352
OC1CCC(Nc2cc(Cl)nc(-c3c[nH]c4ncccc34)n2)CC1,-2.200001865406602
Nc1ncnc2c1N=C(c1ccccc1)CCN2,-5.0
FC(F)(F)Oc1ccc(-c2ccc3[nH]cc(C4=CCNCC4)c3c2)cc1,-3.0
Cc1cccc(NC(=O)Nc2ccc(-c3csc4c(-c5cn[nH]c5)cnc(N)c34)cc2)c1,-1.899984562549391
CCc1nc(Nc2ccc(N3CCOCC3)c(Cl)c2)nc2[nH]ccc12,-2.60000308662774
Cc1cnc(Nc2cccc(S(N)(=O)=O)c2)nc1Nc1ccc(OCC(N)=O)cc1,-0.599992177584098
NC(=O)c1ccc(NC2CCCCC2N)nc1Nc1cccc(Cl)c1,-3.40000061697638
Oc1cc(O)cc(C=Cc2ccc(O)c(O)c2)c1,-2.900000965153469
Nc1ncnc2c1c(-c1cnc3[nH]ccc3c1)nn2C1CCCC1,-3.0
COc1c(-c2nc3ccccc3[nH]2)c(O)cc2oc(C)cc(=O)c12,-3.299999496116984
CC(C)(O)c1cn(-c2ccc3[nH]ncc3c2)nn1,-4.500000046671104
Cc1ccc(-c2cc(-c3cc(Br)ccc3O)[nH]c(=O)c2C#N)s1,-2.900000965153469
CCNc1nc(C)c(-c2ccnc(Nc3ccc(N4CCN(C(C)=O)CC4)cc3)n2)s1,-1.4999618655961902
CC(C)Cc1nc(Nc2ccc(N3CCOCC3)c(Cl)c2)nc2[nH]ccc12,-2.60000308662774
CC(=O)c1ccccc1-c1ncnc2[nH]ccc12,-4.699999970860912
Cc1n[nH]c2ccc(-c3cncc(OCC(N)Cc4cccc(Cl)c4)c3)cc12,-3.100001582801352
Cc1cc(C)c(C=C2C(=O)Nc3ccccc32)[nH]1,-2.300008202553813
Fc1cccc(CNc2ncnc3[nH]cnc23)c1,-4.500000046671104
NC1CCC(Nc2nc(Cl)cc(-c3c[nH]c4ncccc34)n2)CC1,-2.900000965153469
COc1cc(-c2ccc3c(c2)Nc2ccc(CCOc4ccc(N5CCOCC5)cc4)cc2NC3=O)ccc1OCC(O)CO,-3.100001582801352
c1ccc(Cn2nnc(-c3ccc4[nH]ncc4c3)c2C2CC2)cc1,-2.800001827817969
CN1CCN(c2ccc(-c3cnc4c(c3)N(Cc3cc(Cl)ccc3C(F)(F)F)CCN4)cn2)CC1,-1.599992177584098
Cc1cccc(NC(=O)Nc2ccc(-c3csc4c(C#CCN5CCOCC5)cnc(N)c34)cc2)c1,-2.7000023971422538
NC(COc1cncc(-c2ccc3c(c2)C(=Cc2ccco2)C(=O)N3)c1)Cc1c[nH]c2ccccc12,-2.500003068051693
CC(=O)Nc1ccc(-n2nc3ccc(N)nc3n2)cc1,-3.299999496116984
OC1CCN(c2ncnc3[nH]cc(-c4ccccc4)c23)CC1,-2.60000308662774
CCOC(=O)c1ccc2[nH]c3c(c2c1)CCNC3=O,-2.60000308662774
Clc1cc(-c2c[nH]c3ncccc23)cc(NCc2ccccc2)n1,-1.4999618655961902
COc1cc(Nc2nccc(Nc3cc(C4CCCCC4)no3)n2)cc(OC)c1OC,-2.60000308662774
Cc1cc(Nc2ncc(F)c(NC3C4C=CC(C4)C3C(N)=O)n2)ccc1N1CCN(C)CC1,-1.0
CCC1CC(NS(=O)(=O)C2CC2)CC1c1ncc2cnc3[nH]ccc3n12,0.8999742698921374
COc1cc(OC)c(Nc2ccc3nnc(-c4ccccc4)n3n2)cc1Cl,-3.100001582801352
Nc1ncnc2sccc12,-4.600000032123142
Nc1n[nH]c2ccc(-c3nnn(Cc4ccccc4)c3-c3ccc(F)cc3)cc12,-2.60000308662774
C#Cc1cc2c(cc1OC)-c1[nH]nc(-c3ccc(C#N)nc3)c1C2,-2.800001827817969
O=c1[nH]c2cnc(-n3cnc4ccc(F)cc43)nc2n1C1CCOc2c(F)cccc21,-0.7000110623221123
C=Cc1ccc(-c2cccc3nnc(N)n23)cc1,-4.799999969383821
Brc1cnc2[nH]cc(-c3ccccc3)c2c1,-2.800001827817969
Nc1ncnc2c1N=C(c1ccc(NC(=O)Nc3cccc(C(F)(F)F)c3)cc1)CCN2,-2.400002345927956
O=C(O)c1ccccc1Nc1ccnc(Nc2ccc3[nH]ncc3c2)n1,-1.599992177584098
c1cnc2[nH]cc(-c3ccnc(NC4CCCCC4)n3)c2c1,-2.099991233544684
CN1CCCC1COc1cncc(CCc2ccccc2)c1,-2.60000308662774
CNS(=O)(=O)c1ccccc1Nc1nc(Nc2cc(N3CCN(C(C)=O)CC3)ccc2OC)ncc1Br,-0.7000110623221123
CC1CCN(C(=O)CC#N)CC1c1ncc2cnc3[nH]ccc3n12,0.100015437450609
O=C1NC(=O)c2c1c(-c1ccccc1Cl)cc1[nH]c3ccc(O)cc3c21,-2.60000308662774
COc1cc2ncn(-c3cc(OCc4ccccc4C(F)(F)F)c(C(=O)O)s3)c2cc1OC,-2.900000965153469
Cc1cc(-c2ncnc3[nH]ccc23)ccc1F,-3.40000061697638
COc1ccc2c(c1)c(-c1cc3nccnc3[nH]1)cn2C,-3.100001582801352
COc1cc(-c2ccc3c(c2)Nc2ccc(CCOc4ccc(N5CCOCC5)cc4)cc2NC3=O)ccc1CC#N,-3.100001582801352
O=c1c(NCc2ccc(Cl)cc2Cl)c(Nc2ccc3[nH]ncc3c2)c1=O,-2.60000308662774
Nc1nc(Nc2ccc(S(N)(=O)=O)cc2)nn1C(=O)c1c(F)cccc1F,-2.0
COc1ccc(-c2ccc(NC(=O)Nc3cccc(Br)c3)cc2)c2c(N)noc12,-2.400002345927956
NC(=O)c1ccc2nc(-c3ccc([N+](=O)[O-])o3)cn2c1,-3.100001582801352
CN1CCN(c2ccc(Nc3ncc(Cl)c(Nc4ccc5[nH]ncc5c4)n3)cc2)CC1,-0.4000196350651585
O=C(Nc1n[nH]c2ccc(-c3cn(Cc4ccccc4)nn3)cc12)c1ccccc1,-2.200001865406602
O=C(NN=Cc1cc(Br)c(O)c(Br)c1)Nc1ccccc1,-3.40000061697638
Cc1[nH]c(C=C2C(=O)Nc3ccccc32)c(C)c1CCC(=O)O,-2.300008202553813
COC(C(=O)N1Cc2[nH]nc(NC(=O)c3ccc(N4CCN(C)CC4)cc3)c2C1)c1ccccc1,-2.300008202553813
Cc1n[nH]c2ccc(-c3cncc(OCC(N)Cc4ccccc4)c3)cc12,-3.100001582801352
COCCOC1CCC(n2nc(-c3ccc(Nc4nc5cc(C)cc(Cl)c5o4)cc3)c3c(N)ncnc32)CC1,-1.4999618655961902
Nc1ncc(-c2ccncc2)c2scc(-c3ccc(NC(=O)Nc4cc(C(F)(F)F)ccc4F)cc3)c12,-1.299942900022767
CNC(=O)c1cnc(N)c2c(-c3ccc(NC(=O)Nc4cc(C)ccc4F)cc3)csc12,-1.599992177584098
CCCC(=O)Nc1n[nH]c2ccc(-c3cn(Cc4ccccc4)nn3)cc12,-2.800001827817969
Nc1cc(=O)[nH]n1-c1ccccn1,-4.600000032123142
CCCNC(=O)c1ccc(Nc2nc(CCC(F)(F)F)c3cc[nH]c3n2)cc1,-2.7000023971422538
CC(=NNC(=N)N)c1cc(NC(=O)NCCCCCCNC(=O)Nc2cc(C(C)=NNC(=N)N)cc(C(C)=NNC(=N)N)c2)cc(C(C)=NNC(=N)N)c1,-3.0
COc1ccc(-c2ccc(N)cc2)c2cnoc12,-4.899999981014695
Cc1cc(Nc2cc(N3CCN(C)CC3)nc(C=Cc3ccccc3)n2)n[nH]1,-1.4000196350651586
O=C(NCc1ccccc1)c1cccc(-c2cnc3[nH]ccc3c2)c1,-2.7000023971422538
Nc1ncc(-c2ccoc2)c2scc(-c3ccc(NC(=O)Nc4cccc(F)c4)cc3)c12,-2.7000023971422538
CCCCCCCCCCCCOc1ccc(NC(=N)N)cc1NC(=N)N,-3.0
O=C(Nc1n[nH]c2ccc(-c3cn(Cc4ccccc4)nn3)cc12)c1cccc(F)c1,-2.300008202553813
N#Cc1ccc2nc(N)n(-c3nc(-c4ccccc4)cs3)c2c1,-3.1999991251967965
NC(COc1cncc(-c2cc3ccncc3s2)c1)Cc1c[nH]c2ccccc12,-3.0
Nc1n[nH]c2cccc(-c3ccc(NC(=O)Nc4cc(C(=O)O)ccc4F)cc3)c12,-2.800001827817969
Cc1n[nH]c2ccc(-c3cccnc3)cc12,-3.899999871665804
CCN(CCN)C(=O)c1cccc(-n2nc(C(C)(C)C)cc2NC(=O)Nc2cccc3ccccc23)c1,-3.40000061697638
N#Cc1c(O)[nH]c(=O)c2c(=N)oc3ccc(Cl)cc3c12,-3.100001582801352
COc1cc(OC)nc(N2Cc3ccccc3CC2C(=O)O)n1,-3.40000061697638
CCNC(=O)c1cnc(N)c2c(-c3ccc(NC(=O)Nc4cccc(F)c4)cc3)csc12,-3.1999991251967965
COc1cc2ncn(-c3cc(OCc4ccccc4C(F)(F)F)c(C(N)=O)s3)c2cc1OC,-3.100001582801352
CN(C)c1ccc(-c2cc(-c3ccc([N+](=O)[O-])cc3)nc(NS(=O)(=O)c3ccc(N)cc3)n2)cc1,-3.40000061697638
CCCNC(=O)c1ccc(Nc2nc(NCC(F)(F)F)c3cc[nH]c3n2)cc1,-1.4000196350651586
O=C(Nc1nc2ccccc2s1)c1cccc2c1CN(c1nc(C(=O)O)c(-c3ccc(CO)cc3)s1)CC2,-3.299999496116984
CNc1nc(C)c(-c2ccnc(Nc3ccc(N4CCNCC4)cc3)n2)s1,-1.4999618655961902
Nc1ncc(-c2cnn(CCO)c2)c2scc(-c3ccc(NC(=O)Nc4cccc(F)c4)cc3)c12,-3.1999991251967965
O=C(O)c1ccccc1Nc1ccnc(Nc2cccc(O)c2)n1,-1.4999618655961902
CNS(=O)(=O)c1ccccc1Nc1nc(Nc2cc(OC)c(OC)c(OC)c2)ncc1Cl,0.100015437450609
COc1cc2c(cc1F)C(c1ccccc1Cl)=Nc1c(n[nH]c1C)N2,-2.099991233544684
O=C(c1cccc(-c2cnc3[nH]ccc3c2)c1)N1CCOCC1,-3.0
C[C@@H]1CCN(C(=O)CC#N)C[C@@H]1n1cnc2cnc3[nH]ccc3c21,0.5228787452803376
C[C@@H]1CCN(Cc2ccccc2)C[C@@H]1N(C)c1ncnc2[nH]ccc12,-2.886490725172482
C[C@@H]1CCN(Cc2ccccc2)C[C@@H]1n1cnc2cnc3[nH]ccc3c21,-1.3979400086720375
N#CCC(=O)N1CCC[C@@H](n2cnc3cnc4[nH]ccc4c32)C1,-0.0791812460476248
c1ccc(CN2CC[C@@H](n3cnc4cnc5[nH]ccc5c43)C2)cc1,-1.3979400086720375
c1ccc(CN2CC(n3cnc4cnc5[nH]ccc5c43)C2)cc1,-1.7708520116421442
c1ccc(CN2CCC(n3cnc4cnc5[nH]ccc5c43)CC2)cc1,-0.6434526764861874
Cc1nc2cnc3[nH]ccc3c2n1[C@@H]1CCCC[C@H]1O,-2.716003343634799
COC(=O)N[C@H]1CC[C@H](n2c(C)nc3cnc4[nH]ccc4c32)CC1,-1.0791812460476249
CC(=O)N[C@H]1CC[C@H](n2c(C)nc3cnc4[nH]ccc4c32)CC1,-1.230448921378274
Cc1nc2cnc3[nH]ccc3c2n1[C@H]1CC[C@H](NS(C)(=O)=O)CC1,-1.041392685158225
Cc1nc2cnc3[nH]ccc3c2n1[C@H]1CC[C@H](NCCC#N)CC1,-0.9684829485539352
Cc1nc2cnc3[nH]ccc3c2n1C1CCNCC1(F)F,-1.041392685158225
Cc1nc2cnc3[nH]ccc3c2n1[C@H]1CCCNC1,-2.7634279935629373
Cc1nc2cnc3[nH]ccc3c2n1[C@H]1CCCOC1,-1.0791812460476249
Cc1nc2cnc3[nH]ccc3c2n1C1CCOCC1,-1.8195439355418688
Cc1nc2cnc3[nH]ccc3c2n1C1CCCCC1,-0.6989700043360189
Cc1nc2cnc3[nH]ccc3c2n1C1CCN(CCC#N)CC1,-0.3222192947339193
Cc1nc2cnc3[nH]ccc3c2n1C1CCN(Cc2ccccc2)CC1,-0.4623979978989561
Cc1nc2cnc3[nH]ccc3c2n1C1CCNCC1,-2.3010299956639813
c1cc2c(ncc3ncn(C4CCNCC4)c32)[nH]1,-2.397940008672037
CNc1nc(Nc2ccc(C(=O)N3CCOCC3)cc2OC)ncc1Br,-3.4771212547196626
CNc1nc(Nc2ccccc2)ncc1Cl,-1.806179973983887
CNc1nc(Nc2ccc(C(=O)N3CCOCC3)cc2)ncc1Cl,-0.8450980400142568
Cc1cc(-c2ccc3nc(Nc4ccccc4)nn3c2)cc(C)c1C,-0.4771212547196624
CNC(=O)COc1cccc(Nc2ncc(F)c(Nc3ccc4c(c3)NC(=O)C(F)(F)O4)n2)c1,-2.113943352306837
Cc1ccc(Cl)cc1-c1nn(C)cc1NC(=O)c1cnn2ccc(N)nc12,1.0
Cn1cc(NC(=O)c2cnn3ccc(N)nc23)c(-c2cc(Cl)ccc2Cl)n1,1.0
Cc1ccc(C)c(-c2nn(C)cc2NC(=O)c2cnn3ccc(N)nc23)c1,0.5228787452803376
Cc1ccccc1-c1nn(C)cc1NC(=O)c1cnn2ccc(N)nc12,-0.2041199826559248
Cn1cc(NC(=O)c2cnn3cccnc23)c(-c2c(Cl)cccc2Cl)n1,-0.7160033436347992
COc1ccc(Cl)cc1-c1nn(C)cc1NC(=O)c1cnn2cccnc12,0.5228787452803376
Cc1ccc(Cl)cc1-c1nn(C)cc1NC(=O)c1cnn2cccnc12,0.2218487496163563
Cn1cc(NC(=O)c2cnn3cccnc23)c(-c2cc(Cl)ccc2Cl)n1,-0.8481891169913987
Cc1ccc(C)c(-c2nn(C)cc2NC(=O)c2cnn3cccnc23)c1,-0.3222192947339193
O=C(Nc1cn(CCN2CCOCC2)nc1-c1cccc(Cl)c1)c1cnn2cccnc12,-1.801403710017355
CC(C)(O)Cn1cc(NC(=O)c2cnn3cccnc23)c(-c2cccc(Cl)c2)n1,-1.6148972160331343
COCC(O)Cn1cc(NC(=O)c2cnn3cccnc23)c(-c2cccc(Cl)c2)n1,-1.2227164711475833
O=C(Nc1cn(CCO)nc1-c1cccc(Cl)c1)c1cnn2cccnc12,-0.7481880270062005
CC(C)n1cc(NC(=O)c2cnn3cccnc23)c(-c2cccc(Cl)c2)n1,-1.6901960800285136
Cc1nc(-c2cccc(Cl)c2)c(NC(=O)c2cnn3ccc(N)nc23)s1,-0.0
Nc1ccn2ncc(C(=O)Nc3conc3-c3cccc(Cl)c3)c2n1,-0.2787536009528289
Nc1ccn2ncc(C(=O)Nc3cnoc3-c3cccc(Cl)c3)c2n1,-1.503790683057181
Nc1ccn2ncc(C(=O)Nc3c[nH]nc3-c3cccc(Cl)c3)c2n1,-0.1139433523068367
Cn1cc(NC(=O)c2cnn3ccc(N)nc23)c(-c2cccc(Cl)c2)n1,-0.0
O=C(Nc1c[nH]nc1-c1cccc(Cl)c1)c1cnn2cccnc12,-0.505149978319906
Cn1cc(NC(=O)c2cnn3cccnc23)c(-c2cccc(Cl)c2)n1,-0.505149978319906
Cn1cc(-c2cccc(Cl)c2)c(NC(=O)c2cnn3cccnc23)n1,-2.012837224705172
Cc1cc(NC(=O)c2cnn3cccnc23)c(-c2cccc(Cl)c2)cn1,-0.9867717342662448
O=C(Nc1ccncc1-c1cccc(Cl)c1)c1cnn2cccnc12,-0.8512583487190752
O=C(Nc1cccnc1-c1cccc(Cl)c1)c1cnn2cccnc12,-1.1903316981702914
CNc1ccn2ncc(C(=O)Nc3cc(C)nn3-c3cccc(Cl)c3)c2n1,-0.7075701760979364
Cc1cc(NC(=O)c2cnn3ccc(N)nc23)n(-c2cccc(Cl)c2)n1,-0.3979400086720376
Cc1cc(NC(=O)c2cnn3cccnc23)n(-c2cccc(Cl)c2)n1,-1.0755469613925308
CC(C)(C)Nc1c(Nc2ccnc(Nc3ccc(-c4ccncc4)cc3)n2)c(=O)c1=O,-2.963787827345555
Cc1cc(Nc2nc(N[C@@H](C)c3ncc(F)cc3F)c(F)c(N3CCOCC3)n2)n[nH]1,-0.1492191126553798
Cc1cc(Nc2nc(O[C@@H](C)c3ncc(F)cn3)c(F)c(N3CCOCC3)n2)n[nH]1,0.1426675035687315
O=C(Nc1ccnc(NC(=O)C2CC2)c1)c1c(Cl)cccc1Cl,-1.4471580313422192
CC(C)(O)c1nc2cnc3[nH]ccc3c2n1C1CCCCC1,-1.8808135922807916
OCCc1nc2cnc3[nH]ccc3c2n1C1CCCCC1,-1.255272505103306
OCc1nc2cnc3[nH]ccc3c2n1C1CCCCC1,-0.919078092376074
c1cc2c(ncc3nnn(CC4CCNCC4)c32)[nH]1,-3.090610707828407
CN1CCC[C@H]1C(=O)N1CCC(n2nnc3cnc4[nH]ccc4c32)CC1,-2.857935264719429
c1cc2c(ncc3nnn(C4CCNCC4)c32)[nH]1,-2.8254261177678237
CC1(n2nnc3cnc4[nH]ccc4c32)CCN(CCC#N)CC1,-2.6875289612146345
CC(C)(C)OC(=O)N[C@H]1CC[C@H](n2nnc3cnc4[nH]ccc4c32)CC1,-2.603144372620182
N[C@H]1CC[C@H](n2nnc3cnc4[nH]ccc4c32)CC1,-2.08278537031645
CC1(n2nnc3cnc4[nH]ccc4c32)CCN(S(C)(=O)=O)CC1,-1.7242758696007892
c1ccc(CN2CCC[C@@H](n3nnc4cnc5[nH]ccc5c43)C2)cc1,-1.6020599913279625
COC(=O)N[C@@H]1CC[C@@H](n2nnc3cnc4[nH]ccc4c32)C1,-1.5185139398778875
O[C@H]1CC[C@H](n2nnc3cnc4[nH]ccc4c32)CC1,-1.505149978319906
c1cncc(CN2CCC(n3nnc4cnc5[nH]ccc5c43)CC2)c1,-1.4471580313422192
COC(=O)N[C@H]1CC[C@H](n2nnc3cnc4[nH]ccc4c32)CC1,-1.4313637641589874
N#CCCN[C@H]1CC[C@H](n2nnc3cnc4[nH]ccc4c32)CC1,-1.3222192947339193
CC(C)CC(=O)N[C@H]1CC[C@H](n2nnc3cnc4[nH]ccc4c32)CC1,-1.230448921378274
c1ccc(CN2CCC(n3nnc4cnc5[nH]ccc5c43)CC2)cc1,-1.1760912590556811
CS(=O)(=O)N1CCC(n2nnc3cnc4[nH]ccc4c32)CC1,-1.0791812460476249
CC(C)(C)OC(=O)N[C@@H]1CC[C@@H](n2nnc3cnc4[nH]ccc4c32)C1,-1.0
N#CCC(=O)N1CCC[C@@H](n2nnc3cnc4[nH]ccc4c32)C1,-0.5797835966168101
N#CCCN1CCC(n2nnc3cnc4[nH]ccc4c32)CC1,-0.568201724066995
CC(C)n1cc(-c2cccn3nc(Nc4ccc(C(=O)O)cc4)nc23)cn1,0.3010299956639812
O=C(O)c1ccc(Nc2nc3c(-c4cnn(C5CCCCC5)c4)cccn3n2)cc1,0.3010299956639812
O=C(O)c1ccc(Nc2nc3c(-c4cnn(C5CCCC5)c4)cccn3n2)cc1,0.2218487496163563
CC(C)c1cc(-c2cccn3nc(Nc4ccc(C(=O)O)cc4)nc23)ccn1,-0.041392685158225
CC(C)Cn1cc(-c2cccn3nc(Nc4ccc(C(=O)O)cc4)nc23)cn1,0.3010299956639812
COc1ccc(-c2cccn3nc(Nc4cnn(C5CCOCC5)c4)nc23)cc1,0.1549019599857432
COc1ccc(-c2cccn3nc(Nc4cnn([C@H](C)CO)c4)nc23)cc1,-0.146128035678238
CS(=O)(=O)c1ccc(-c2cccn3nc(Nc4ccc(C(=O)N5CCOCC5)cc4)nc23)cc1,0.3979400086720376
CN(C)C(=O)c1ccc(Nc2nc3c(-c4ccc(S(C)(=O)=O)cc4)cccn3n2)cc1,0.2218487496163563
COc1ccc(-c2cccn3nc(Nc4ccc(C(=O)O)cc4)nc23)cc1,-0.2304489213782739
Cc1cc(Nc2nc3cccc(-c4cnn(CC(C)C)c4)n3n2)ccn1,-0.3010299956639812
CCn1cc(-c2cccc3nc(Nc4ccnc(CO)c4)nn23)cn1,-0.4771212547196624
CCn1cc(-c2cccc3nc(Nc4ccnc(C)c4)nn23)cn1,-0.6812412373755872
Cc1cc(Nc2nc3cccc(-c4cccc(S(C)(=O)=O)c4)n3n2)ccn1,-1.285557309007774
COc1ccc(-c2cccc3nc(Nc4ccc(C(=O)O)cc4)nn23)cc1,-0.2041199826559248
COc1ccc(-c2cccc3nc(Nc4ccnc(C)c4)nn23)cc1,-0.6989700043360189
Cc1cccc(Nc2nc3cccc(-c4cccc(C(C)C)c4)n3n2)c1,-0.9590413923210936
Cc1cccc(Nc2nc3cccc(-c4cccc(C(C)C)c4)n3n2)n1,-1.8506462351830664
Cc1ccnc(Nc2nc3cccc(-c4cccc(C(C)C)c4)n3n2)c1,-1.608526033577194
CC(C)c1cccc(-c2cccc3nc(Nc4ccnc(CO)c4)nn23)c1,0.2218487496163563
Cc1cc(Nc2nc3cccc(-c4cccc(C(C)C)c4)n3n2)ccn1,-0.041392685158225
CN1CCN(c2ccc(Nc3nc4cccc(-c5ccc(S(C)(=O)=O)cc5)n4n3)cc2)CC1,0.5228787452803376
COc1cccc(-c2cccc3nc(Nc4ccc(N5CCN(C)CC5)cc4)nn23)c1,0.0457574905606751
CN1CCN(c2ccc(Nc3nc4cccc(-c5cccc(S(C)(=O)=O)c5)n4n3)cc2)CC1,-0.3010299956639812
COc1ccc(-c2cccc3nc(Nc4ccc(N5CCN(C)CC5)cc4)nn23)cc1,0.2218487496163563
CC(C)c1cccc(-c2cccc3nc(NC(=O)c4ccc(F)cc4)nn23)c1,-3.342422680822206
CCC(=O)Nc1nc2cccc(-c3cccc(C(C)C)c3)n2n1,-3.342422680822206
COC(=O)Nc1nc2cccc(-c3cccc(C(C)C)c3)n2n1,-1.2479732663618066
COc1cccc(-c2cccc3nc(NC(=O)C4CC4)nn23)c1,-2.315970345456918
CC(C)c1cccc(-c2cccc3nc(NC(=O)C4CC4)nn23)c1,-0.9030899869919436
O=C(Nc1nc2cccc(-c3cccc(C(F)(F)F)c3)n2n1)C1CC1,-1.9169800473203824
O=C(Nc1nc2cccc(-c3ccc(Cl)cc3)n2n1)C1CC1,-1.7708520116421442
O=C(Nc1nc2cccc(-c3cccc(Cl)c3)n2n1)C1CC1,-1.7759743311293692
Nc1ccc(C(=O)Nc2ccncc2)c(Cl)c1,-3.505149978319906
COc1cccc(C(=O)Nc2ccncc2)c1Cl,-3.505149978319906
O=C(Nc1ccncc1)c1cccc(Cl)c1Cl,-3.505149978319906
O=C(Nc1ccncc1)c1ccccc1,-3.505149978319906
COc1ccc(C(=O)Nc2ccncc2)c(Cl)c1,-3.4913616938342726
O=C(Nc1ccncc1)c1ccc(Cl)cc1Cl,-3.4771212547196626
Nc1cc(NC(=O)c2c(Cl)cccc2Cl)ccn1,-3.462397997898956
O=C(Nc1ccncc1)c1c(F)cccc1F,-3.4471580313422194
O=C(Nc1cc(NC(=O)c2c(Cl)cccc2Cl)ccn1)c1ccccc1,-3.431363764158988
O=C(Nc1ccnc(Nc2ncccn2)c1)c1c(Cl)cccc1Cl,-3.397940008672037
NCC(=O)Nc1cc(NC(=O)c2c(Cl)cccc2Cl)ccn1,-3.380211241711606
O=C(Nc1ccnc(NC(=O)C2CCCC2)c1)c1c(Cl)cccc1Cl,-3.380211241711606
Clc1cccc(Cl)c1-c1nnc(-c2ccncc2)[nH]1,-3.3010299956639813
O=C(Nc1ccncc1)c1c(F)cccc1Cl,-3.3010299956639813
O=C(Nc1ccncc1)c1cc(C(F)(F)F)ccc1Cl,-3.255272505103306
O=C(Nc1ccncc1)c1cc(Cl)ccc1Cl,-3.230448921378274
O=C(Nc1ccncc1)c1ccccc1Cl,-3.230448921378274
O=C(CO)Nc1cc(NC(=O)c2c(Cl)cccc2Cl)ccn1,-3.146128035678238
Clc1cccc(Cl)c1-c1ncc(-c2ccncc2)[nH]1,-3.146128035678238
O=C(Nc1ccnc(NC(=O)C2CCCO2)c1)c1c(Cl)cccc1Cl,-3.113943352306837
O=C(Nc1ccncc1)c1c(Cl)cccc1Cl,-3.0791812460476247
O=C(Nc1ccnc(Nc2ccccc2)c1)c1c(Cl)cccc1Cl,-2.934498451243568
COC(=O)Nc1cc(NC(=O)c2c(Cl)cccc2Cl)ccn1,-2.785329835010767
O=C(Nc1ccnc(NC(=O)C2CCC2)c1)c1c(Cl)cccc1Cl,-2.7075701760979363
O=C(CC1CC1)Nc1cc(NC(=O)c2c(Cl)cccc2Cl)ccn1,-2.57978359661681
CC(=O)Nc1cc(NC(=O)c2c(Cl)cccc2Cl)ccn1,-2.4913616938342726
CCC(=O)Nc1cc(NC(=O)c2c(Cl)cccc2Cl)ccn1,-2.397940008672037
O=C(Nc1ccnc2[nH]ccc12)c1c(Cl)cccc1Cl,-2.361727836017593
O=C(Nc1ccnc(Nc2ccccn2)c1)c1c(Cl)cccc1Cl,-2.113943352306837
CCNC(=O)Nc1cc(NC(=O)c2c(Cl)cccc2Cl)ccn1,-1.845098040014257
O=C(Nc1ccnc(Nc2cccnn2)c1)c1c(Cl)cccc1Cl,-1.7993405494535817
O=C(Nc1ccnc(O)c1)c1c(Cl)cccc1Cl,-1.7781512503836436
O=C(Nc1ccnc(Nc2cnccn2)c1)c1c(Cl)cccc1Cl,-1.740362689494244
CCn1cc(Nc2cc(NC(=O)c3c(Cl)cccc3Cl)ccn2)cn1,-1.5440680443502757
O=C(Nc1ccnc(Nc2ccncn2)c1)c1c(Cl)cccc1Cl,-1.3010299956639813
O=c1[nH]ccc2c(N3CCCCC3)ncnc12,-3.505149978319906
CN(c1ncnc2c(=O)[nH]ccc12)C1CCCC1,-3.505149978319906
O=c1[nH]ccc2c(OC3CCCC3)ncnc12,-3.1760912590556813
O=c1[nH]ccc2c(NC3CCCC3CO)ncnc12,-3.146128035678238
O=c1[nH]ccc2c(NC3CCOCC3)ncnc12,-2.884228769632604
O=c1[nH]ccc2c(NCc3ccccc3)ncnc12,-2.838849090737255
O=c1[nH]ccc2c(NC3(CO)CCCC3)ncnc12,-2.7596678446896306
O=c1[nH]ccc2c(N[C@@H]3CCCOC3)ncnc12,-2.7589118923979736
O=c1[nH]ccc2c(NC3CCCC3O)ncnc12,-2.7535830588929064
O=c1[nH]ccc2c(NCC3CCCC3)ncnc12,-2.740362689494244
O=c1[nH]ccc2c(Nc3ccc(Cl)cc3)ncnc12,-2.57978359661681
CC(C)(C)CNc1ncnc2c(=O)[nH]ccc12,-2.576341350205793
O=c1[nH]ccc2c(NCCC3CCCCC3)ncnc12,-2.303196057420489
O=c1[nH]ccc2c(NC3CCCCCC3)ncnc12,-2.2764618041732443
O=c1[nH]ccc2c(N[C@@H]3C[C@H]4CC[C@@H]3C4)ncnc12,-2.198657086954422
O=c1[nH]ccc2c(NC3CCCCC3)ncnc12,-2.161368002234975
O=c1[nH]ccc2c(NC3CCC3)ncnc12,-2.113943352306837
CC(C)(C)Nc1ncnc2c(=O)[nH]ccc12,-2.089905111439398
O=c1[nH]ccc2c(NC3CCCC3)ncnc12,-1.7323937598229686
CN(CCO)c1nc(N[C@@H]2CCC[C@@H]2C#N)c2cc[nH]c(=O)c2n1,-1.3617278360175928
N#C[C@H]1CCC[C@H]1Nc1nc(N2CCCCC2)nc2c(=O)[nH]ccc12,-1.3222192947339193
N#C[C@H]1CCC[C@H]1Nc1nc(N2CCOCC2)nc2c(=O)[nH]ccc12,-1.1139433523068367
N#C[C@H]1CCC[C@H]1Nc1nc(-c2ccccc2)nc2c(=O)[nH]ccc12,-0.4771212547196624
CNc1nc(N[C@@H]2CCC[C@@H]2C#N)c2cc[nH]c(=O)c2n1,-0.255272505103306
CCc1nc(N[C@@H]2CCC[C@@H]2C#N)c2cc[nH]c(=O)c2n1,-0.0
N#C[C@H]1CCC[C@H]1Nc1nc(-c2cn[nH]c2)nc2c(=O)[nH]ccc12,0.2218487496163563
CC[C@@](C)(Nc1ccnc(-c2c[nH]c3ncccc23)n1)C(=O)NCC(F)(F)F,-1.1139433523068367
O=P(O)(O)CC[C@H]1C2CCC(CC2)[C@@H]1Nc1nc(-c2c[nH]c3ncc(F)cc23)ncc1F,-2.792391689498254
O=c1[nH]c(=O)n(C[C@H]2C3CCC(CC3)[C@@H]2Nc2nc(-c3c[nH]c4ncc(F)cc34)ncc2F)o1,-2.431363764158988
Oc1cc([C@H]2C3CCC(CC3)[C@@H]2Nc2nc(-c3c[nH]c4ncc(F)cc34)ncc2F)no1,-2.3010299956639813
NS(=O)(=O)[C@H]1C2CCC(CC2)[C@@H]1Nc1nc(-c2c[nH]c3ncc(F)cc23)ncc1F,-2.9242792860618816
OCC(O)[C@H]1C2CCC(CC2)[C@@H]1Nc1nc(-c2c[nH]c3ncc(F)cc23)ncc1F,-2.591064607026499
CNC(=O)[C@H]1C2CCC(CC2)[C@@H]1Nc1nc(-c2c[nH]c3ncc(F)cc23)ncc1F,-3.041392685158225
CC(O)[C@H]1C2CCC(CC2)[C@@H]1Nc1nc(-c2c[nH]c3ncc(F)cc23)ncc1F,-2.380211241711606
CS(=O)(=O)[C@H]1C2CCC(CC2)[C@@H]1Nc1nc(-c2c[nH]c3ncc(F)cc23)ncc1F,-2.869231719730976
COc1cc(N2CCc3nc(NC(=O)NCCc4cn(CC(F)F)cn4)sc3C2)cnc1Cl,-3.505149978319906
Cc1cc(NC(=O)c2cnn3cccnc23)n(-c2ccccc2Br)n1,-1.255272505103306
COc1ccc(Cl)cc1-c1nn(CC(=O)N2CC=CCC2)cc1NC(=O)c1cnn2cccnc12,-0.3979400086720376
Cc1cc(NC(=O)c2cnn3cccnc23)n(-c2cc(C#N)ccc2C)n1,-0.7558748556724915
Cc1cc(NC(=O)c2cnn3cccnc23)n(-c2cc(Cl)ccc2C)n1,-0.6901960800285137
COc1ccc(Cl)cc1-c1nn(CC(O)(C(F)(F)F)C(F)(F)F)cc1NC(=O)c1cnn2cccnc12,-0.7558748556724915
COc1ccc(Cl)cc1-c1nc(C)sc1NC(=O)c1cnn2cccnc12,0.3979400086720376
Cc1cc(NC(=O)c2cnn3cccnc23)n(-c2cc(Cl)ccc2Cl)n1,-0.5185139398778874
COc1cnc(C(F)(F)F)cc1-c1nn(CC(C)(C)O)cc1NC(=O)c1cnn2cccnc12,-1.5854607295085006
CC1CCCCN1c1nn(CC(C)(C)O)cc1NC(=O)c1cnn2cccnc12,-1.4199557484897578
O=C(Nc1c[nH]nc1-n1cc(Cl)ccc1=O)c1cnn2cccnc12,-2.041392685158225
O=C(Nc1ccnn1-c1ccc(Cl)cc1)c1cnn2cccnc12,-2.2013971243204518
COc1ccc(C#N)cc1-c1nn(Cc2nncn2C)cc1NC(=O)c1cnn2cccnc12,-0.414973347970818
COc1ccc(C#N)cc1-c1nn(CC2(O)CCCC2)cc1NC(=O)c1cnn2cccnc12,-0.6232492903979004
CCOc1ccc(Cl)cc1-c1nn([C@H]2CCCC[C@@H]2O)cc1NC(=O)c1cnn2cccnc12,-1.0969100130080565
O=C(Nc1ccnn1-c1ccccc1Cl)c1cnn2cccnc12,-1.1818435879447726
COc1ccc(Cl)cc1-c1c(NC(=O)c2c(N)nn3cccnc23)cnn1CC(N)=O,0.3010299956639812
COc1ncc(Cl)cc1-c1nn(CC(=O)N(C)C)cc1NC(=O)c1cnn2cccnc12,-0.7634279935629373
O=C(Nc1ccncc1-c1cccc(F)c1)c1cnn2cccnc12,-1.3617278360175928
COc1ccc(Cl)cc1-c1c(NC(=O)c2cnn3cccnc23)cnn1CCO,-0.0
COc1ccc(F)cc1-c1nn(CC2(O)CCOCC2)cc1NC(=O)c1cnn2cccnc12,-0.7923916894982539
N#CC1CCN(c2n[nH]cc2NC(=O)c2cnn3cccnc23)CC1,-1.4955443375464486
COc1ncc(C#N)cc1-c1n[nH]cc1NC(=O)c1cnn2cccnc12,-0.1760912590556812
COc1ccc(Cl)cc1-c1nn(CC(=O)N2CCCC2C)cc1NC(=O)c1cnn2cccnc12,-0.4913616938342727
COc1ccccc1Nc1cc[nH]c(=O)c1C(=O)Nc1ccc(N2CCN(C)CC2)cc1,-0.9542425094393248
Cc1cc(NC(=O)c2cnn3ccc(N)nc23)n(-c2cc(Cl)ccc2C)n1,0.3010299956639812
Cc1nc(-c2ccccc2C)c(NC(=O)c2cnn3ccc(N)nc23)s1,-0.255272505103306
Cc1cc(NC(=O)c2cnn3ccc(Nc4cccc(C(F)(F)F)c4)nc23)on1,-0.505149978319906
Nc1ccn2ncc(C(=O)Nc3c[nH]nc3-c3cc(Cl)ccc3Cl)c2n1,1.0
Nc1ccn2ncc(C(=O)Nc3ccnn3-c3cc(Cl)ccc3Cl)c2n1,0.0457574905606751
O=C(NC1CCOCC1)c1cnn2ccc(NC3Cc4ccccc4C3)nc12,-0.2041199826559248
O=C(NC1CCC(O)CC1)c1cnn2ccc(NC3CCc4ccccc43)nc12,0.0969100130080563
Cc1cc(NC(=O)c2cnn3ccc(N)nc23)n(-c2ccccc2C)n1,-0.6232492903979004
O=C(Nc1cn(C2CCNCC2)nc1-c1cc(Cl)ccc1OC(F)F)c1cnn2cccnc12,0.3372421683184259
Nc1nn2cccnc2c1C(=O)Nc1cn(C2CCNCC2)nc1-c1cc(Cl)ccc1OC(F)F,0.721246399047171
CN1C[C@H]2CN(C(=O)Cn3cc(NC(=O)c4cnn5cccnc45)c(-c4cc(Cl)ccc4OC(F)F)n3)C[C@H]2C1,0.0915149811213502
O=C(Nc1cn(CC(=O)N2C[C@@H]3CNC[C@@H]3C2)nc1-c1cc(Cl)ccc1OC(F)F)c1cnn2cccnc12,0.0969100130080563
CCN1C[C@H]2CN(C(=O)Cn3cc(NC(=O)c4cnn5cccnc45)c(-c4cc(Cl)ccc4OC(F)F)n3)C[C@H]2C1,0.1079053973095195
O=C(Nc1cn(CC(=O)N2C[C@@H]3CN(CC4CC4)C[C@@H]3C2)nc1-c1cc(Cl)ccc1OC(F)F)c1cnn2cccnc12,0.1249387366082999
CN1C[C@H]2CN(C(=O)Cn3cc(NC(=O)c4cnn5ccc(N)nc45)c(-c4cc(Cl)ccc4OC(F)F)n3)C[C@H]2C1,0.0177287669604316
Cc1cnc2c(C(=O)Nc3cn(CC(=O)N4C[C@@H]5CN(C)C[C@@H]5C4)nc3-c3cc(Cl)ccc3OC(F)F)cnn2c1,-2.077404246398098
CN1CC2CN(C(=O)Cn3cc(NC(=O)c4c(N)nn5cccnc45)c(-c4cc(Cl)ccc4OC(F)F)n3)CC2C1,0.5528419686577808
Nc1nn2cccnc2c1C(=O)Nc1cn(CC(=O)N2CC3CNCC3C2)nc1-c1cc(Cl)ccc1OC(F)F,0.494850021680094
CCN1CC2CN(C(=O)Cn3cc(NC(=O)c4c(N)nn5cccnc45)c(-c4cc(Cl)ccc4OC(F)F)n3)CC2C1,0.5228787452803376
CC(C)N1C[C@H]2CN(C(=O)Cn3cc(NC(=O)c4cnn5cccnc45)c(-c4cc(Cl)ccc4OC(F)F)n3)C[C@H]2C1,-0.0681858617461616
O=C(Nc1cn(CC(=O)N2C[C@@H]3CN(CCc4ccccc4)C[C@@H]3C2)nc1-c1cc(Cl)ccc1OC(F)F)c1cnn2cccnc12,0.1804560644581313
O=C(Nc1cn(CC(=O)N2C[C@@H]3CN(CCCO)C[C@@H]3C2)nc1-c1cc(Cl)ccc1OC(F)F)c1cnn2cccnc12,-0.0530784434834196
O=C(Nc1cn(CC(=O)N2C[C@H]3CN(C(=O)OCCCO)C[C@H]3C2)nc1-c1cc(Cl)ccc1OC(F)F)c1cnn2cccnc12,0.0315170514460648
O=C(Nc1cn(CC(=O)N2C[C@@H]3CN(CC4CCN(C(=O)OCc5ccccc5)CC4)C[C@@H]3C2)nc1-c1cc(Cl)ccc1OC(F)F)c1cnn2cccnc12,0.0705810742857072
O=C(Nc1cn(CC(=O)N2C[C@@H]3CN(CCCN4CCCC4=O)C[C@@H]3C2)nc1-c1cc(Cl)ccc1OC(F)F)c1cnn2cccnc12,0.2518119729937995
O=C(Nc1cn(CC(=O)N2C[C@@H]3CN(CCCN4CCOCC4)C[C@@H]3C2)nc1-c1cc(Cl)ccc1OC(F)F)c1cnn2cccnc12,0.1487416512809247
O=C(Nc1cn(CC(=O)N2CC[C@@H]3CNCC[C@@H]32)nc1-c1cc(Cl)ccc1OC(F)F)c1cnn2cccnc12,-0.08278537031645
O=C(Nc1cn(CC(=O)N2CC[C@H]3CNC[C@H]3C2)nc1-c1cc(Cl)ccc1OC(F)F)c1cnn2cccnc12,-0.0644579892269184
CC(=O)N1CCC(CN2C[C@H]3CN(C(=O)Cn4cc(NC(=O)c5cnn6cccnc56)c(-c5cc(Cl)ccc5OC(F)F)n4)C[C@H]3C2)CC1,0.0222763947111522
CCOC(=O)N1CCC(CN2C[C@H]3CN(C(=O)Cn4cc(NC(=O)c5cnn6cccnc56)c(-c5cc(Cl)ccc5OC(F)F)n4)C[C@H]3C2)CC1,0.0915149811213502
CN1C[C@H]2CCN(C(=O)Cn3cc(NC(=O)c4cnn5cccnc45)c(-c4cc(Cl)ccc4OC(F)F)n3)C[C@H]2C1,-0.2068258760318497
O=C(Nc1cn(CC(=O)N2CC[C@H]3CN(CC4CCOCC4)C[C@H]3C2)nc1-c1cc(Cl)ccc1OC(F)F)c1cnn2cccnc12,0.0268721464003013
CS(=O)(=O)CCCN1C[C@H]2CN(C(=O)Cn3cc(NC(=O)c4cnn5cccnc45)c(-c4cc(Cl)ccc4OC(F)F)n3)C[C@H]2C1,0.2596373105057561
CC(C)CN1C[C@H]2CN(C(=O)Cn3cc(NC(=O)c4cnn5cccnc45)c(-c4cc(Cl)ccc4OC(F)F)n3)C[C@H]2C1,0.0757207139381183
CS(=O)(=O)CCN1C[C@H]2CN(C(=O)Cn3cc(NC(=O)c4cnn5cccnc45)c(-c4cc(Cl)ccc4OC(F)F)n3)C[C@H]2C1,0.2757241303992109
O=C(Nc1cn(CC(=O)N2C[C@@H]3CN(CCCN4CCOC4=O)C[C@@H]3C2)nc1-c1cc(Cl)ccc1OC(F)F)c1cnn2cccnc12,0.3010299956639812
O=C(Nc1cn(CC(=O)N2C[C@@H]3CN(CC4CCC(F)(F)CC4)C[C@@H]3C2)nc1-c1cc(Cl)ccc1OC(F)F)c1cnn2cccnc12,0.3098039199714863
CS(=O)(=O)N1CCC(CN2C[C@H]3CN(C(=O)Cn4cc(NC(=O)c5cnn6cccnc56)c(-c5cc(Cl)ccc5OC(F)F)n4)C[C@H]3C2)CC1,0.3372421683184259
O=C(Nc1cn(CC(=O)N2C[C@@H]3CN(CC4CCN(C(=O)C5CCOCC5)CC4)C[C@@H]3C2)nc1-c1cc(Cl)ccc1OC(F)F)c1cnn2cccnc12,0.1366771398795441
CN(C)C(=O)N1CCC(CN2C[C@H]3CN(C(=O)Cn4cc(NC(=O)c5cnn6cccnc56)c(-c5cc(Cl)ccc5OC(F)F)n4)C[C@H]3C2)CC1,0.2076083105017461
CN1C[C@H]2[C@@H](c3ccccc3)N(C(=O)Cn3cc(NC(=O)c4cnn5cccnc45)c(-c4cc(Cl)ccc4OC(F)F)n3)[C@@H](CO)[C@H]2C1,0.1079053973095195
COCCCN1C[C@H]2CN(C(=O)Cn3cc(NC(=O)c4cnn5cccnc45)c(-c4cc(Cl)ccc4OC(F)F)n3)C[C@H]2C1,0.1079053973095195
CC1(CN2C[C@H]3CN(C(=O)Cn4cc(NC(=O)c5cnn6cccnc56)c(-c5cc(Cl)ccc5OC(F)F)n4)C[C@H]3C2)COC1,0.0604807473813814
O=C(Nc1cn(CC(=O)N2C[C@@H]3CN(CC4CCC4)C[C@@H]3C2)nc1-c1cc(Cl)ccc1OC(F)F)c1cnn2cccnc12,0.2146701649892329
O=C(Nc1cn(CC(=O)N2C[C@@H]3CN(CC4(O)CCCCC4)C[C@@H]3C2)nc1-c1cc(Cl)ccc1OC(F)F)c1cnn2cccnc12,0.1549019599857432
N#CC1(CN2C[C@H]3CN(C(=O)Cn4cc(NC(=O)c5cnn6cccnc56)c(-c5cc(Cl)ccc5OC(F)F)n4)C[C@H]3C2)CCCCC1,0.2676062401770315
CC(C)(O)CCN1C[C@H]2CN(C(=O)Cn3cc(NC(=O)c4cnn5cccnc45)c(-c4cc(Cl)ccc4OC(F)F)n3)C[C@H]2C1,0.1307682802690238
O=C(Nc1cn(CC(=O)N2C[C@@H]3CN(CCCOC(=O)N4CCOCC4)C[C@@H]3C2)nc1-c1cc(Cl)ccc1OC(F)F)c1cnn2cccnc12,-0.0253058652647702
O=C(Nc1cn(CC(=O)N2C[C@@H]3CN(CC4CCCCC4)C[C@@H]3C2)nc1-c1cc(Cl)ccc1OC(F)F)c1cnn2cccnc12,0.2076083105017461
O=C(Nc1cn(CC(=O)N2C[C@@H]3CN(CCCN4C(=O)Cc5ccccc54)C[C@@H]3C2)nc1-c1cc(Cl)ccc1OC(F)F)c1cnn2cccnc12,0.1739251972991735
O=C(Nc1cn(CC(=O)N2C[C@@H]3CN(CCCOC(=O)C4CCC4)C[C@@H]3C2)nc1-c1cc(Cl)ccc1OC(F)F)c1cnn2cccnc12,0.1426675035687315
CN1CCC2CN(C(=O)Cn3cc(NC(=O)c4c(N)nn5cccnc45)c(-c4cc(Cl)ccc4OC(F)F)n3)CCC21,0.585026652029182
Nc1nn2cccnc2c1C(=O)Nc1cn(CC(=O)N2C[C@@H]3CN(CC4CC4)C[C@@H]3C2)nc1-c1cc(Cl)ccc1OC(F)F,0.8860566476931632
Nc1nn2cccnc2c1C(=O)Nc1cn(CC(=O)N2C[C@@H]3CN(CC4CCC(F)(F)CC4)C[C@@H]3C2)nc1-c1cc(Cl)ccc1OC(F)F,0.4814860601221125
O=C(Nc1cn(CC(=O)N2C[C@@H]3CN(CC(F)(F)F)C[C@@H]3C2)nc1-c1cc(Cl)ccc1OC(F)F)c1cnn2cccnc12,0.0969100130080563
O=C(Nc1cn(CC(=O)N2C[C@@H]3CN(CCOCc4ccc(Cl)cc4)C[C@@H]3C2)nc1-c1cc(Cl)ccc1OC(F)F)c1cnn2cccnc12,0.1549019599857432
CN(CCC#N)C1CCN(C(=O)Cn2cc(NC(=O)c3cnn4cccnc34)c(-c3cc(Cl)ccc3OC(F)F)n2)CC1,0.1549019599857432
CN(C)C1CN(C(=O)Cn2cc(NC(=O)c3cnn4cccnc34)c(-c3cc(Cl)ccc3OC(F)F)n2)C1,0.0757207139381183
CN(C)C1CCN(C(=O)Cn2cc(NC(=O)c3cnn4cccnc34)c(-c3cc(Cl)ccc3OC(F)F)n2)C1,0.1611509092627447
NC1CCN(C(=O)Cn2cc(NC(=O)c3cnn4cccnc34)c(-c3cc(Cl)ccc3OC(F)F)n2)CC1,-0.250420002308894
CN(C)C1CCN(C(=O)Cn2cc(NC(=O)c3cnn4cccnc34)c(-c3cc(Cl)ccc3OC(F)F)n2)CC1,-0.271841606536499
COCCN(C)C1CCN(C(=O)Cn2cc(NC(=O)c3cnn4cccnc34)c(-c3cc(Cl)ccc3OC(F)F)n2)CC1,-0.2253092817258628
O=C(Nc1cn(CC(=O)N2CCC(N3CCCC3)CC2)nc1-c1cc(Cl)ccc1OC(F)F)c1cnn2cccnc12,-0.3891660843645325
CN(C)CC1CCN(C(=O)Cn2cc(NC(=O)c3cnn4cccnc34)c(-c3cc(Cl)ccc3OC(F)F)n2)CC1,-0.3765769570565119
CN(C)CCOC1CCN(C(=O)Cn2cc(NC(=O)c3cnn4cccnc34)c(-c3cc(Cl)ccc3OC(F)F)n2)CC1,-0.2329961103921538
CN(C)CC1(O)CCN(C(=O)Cn2cc(NC(=O)c3cnn4cccnc34)c(-c3cc(Cl)ccc3OC(F)F)n2)CC1,-0.3838153659804312
CCNC1CCN(C(=O)Cn2cc(NC(=O)c3c(N)nn4cccnc34)c(-c3cc(Cl)ccc3OC(F)F)n2)CC1,0.2146701649892329
CN(C)CC1(c2ccccc2)CCN(C(=O)Cn2cc(NC(=O)c3cnn4cccnc34)c(-c3cc(Cl)ccc3OC(F)F)n2)CC1,0.0604807473813814
NC[C@@H]1CCCN1C(=O)Cn1cc(NC(=O)c2cnn3cccnc23)c(-c2cc(Cl)ccc2OC(F)F)n1,-0.5105450102066121
CN(C)C[C@@H]1CCCN(C(=O)Cn2cc(NC(=O)c3c(N)nn4cccnc34)c(-c3cc(Cl)ccc3OC(F)F)n2)C1,0.2757241303992109
CNC1CCN(C(=O)Cn2cc(NC(=O)c3cnn4cccnc34)c(-c3cc(Cl)ccc3OC(F)F)n2)CC1,-0.2013971243204515
O=C(Nc1cn(CC(=O)N2CCC(NC3CCC3)CC2)nc1-c1cc(Cl)ccc1OC(F)F)c1cnn2cccnc12,-0.167317334748176
CN(CCc1ccccc1)C1CCN(C(=O)Cn2cc(NC(=O)c3cnn4cccnc34)c(-c3cc(Cl)ccc3OC(F)F)n2)CC1,-0.220108088040055
CN(CCc1ccccn1)C1CCN(C(=O)Cn2cc(NC(=O)c3cnn4cccnc34)c(-c3cc(Cl)ccc3OC(F)F)n2)CC1,-0.2041199826559248
N#CCCNC1CCN(C(=O)Cn2cc(NC(=O)c3cnn4cccnc34)c(-c3cc(Cl)ccc3OC(F)F)n2)CC1,0.1366771398795441
CN(C)C(=O)CCCN(C)C1CCN(C(=O)Cn2cc(NC(=O)c3cnn4cccnc34)c(-c3cc(Cl)ccc3OC(F)F)n2)CC1,-0.2810333672477275
O=C(Nc1cn(CC(=O)N2CCC(NCCc3ccccc3)CC2)nc1-c1cc(Cl)ccc1OC(F)F)c1cnn2cccnc12,-0.1613680022349748
CN(CCc1ccc(O)cc1)C1CCN(C(=O)Cn2cc(NC(=O)c3cnn4cccnc34)c(-c3cc(Cl)ccc3OC(F)F)n2)CC1,-0.1172712956557642
O=C(Nc1cn(CC(=O)N2CCC(NCCc3ccc(O)cc3)CC2)nc1-c1cc(Cl)ccc1OC(F)F)c1cnn2cccnc12,-0.0606978403536116
O=C(Nc1cn(CC(=O)N2CCC(NCCc3ccc(Cl)cc3)CC2)nc1-c1cc(Cl)ccc1OC(F)F)c1cnn2cccnc12,-0.3074960379132129
O=C(Nc1cn(CC(=O)N2CCC(NCCc3ccc(C(F)(F)F)cc3)CC2)nc1-c1cc(Cl)ccc1OC(F)F)c1cnn2cccnc12,-0.4116197059632301
CN(CCc1ccc(Cl)cc1)C1CCN(C(=O)Cn2cc(NC(=O)c3cnn4cccnc34)c(-c3cc(Cl)ccc3OC(F)F)n2)CC1,-0.3159703454569177
COc1ccc(CCN(C)C2CCN(C(=O)Cn3cc(NC(=O)c4cnn5cccnc45)c(-c4cc(Cl)ccc4OC(F)F)n3)CC2)cc1,-0.414973347970818
CN(CC1(C)COC1)C1CCN(C(=O)Cn2cc(NC(=O)c3cnn4cccnc34)c(-c3cc(Cl)ccc3OC(F)F)n2)CC1,-0.146128035678238
CN(CCc1ccc(C(F)(F)F)cc1)C1CCN(C(=O)Cn2cc(NC(=O)c3cnn4cccnc34)c(-c3cc(Cl)ccc3OC(F)F)n2)CC1,-0.2944662261615929
CN(Cc1ccccc1)C1CCN(C(=O)Cn2cc(NC(=O)c3cnn4cccnc34)c(-c3cc(Cl)ccc3OC(F)F)n2)CC1,-0.2576785748691845
CN(CC(F)(F)F)C1CCN(C(=O)Cn2cc(NC(=O)c3cnn4cccnc34)c(-c3cc(Cl)ccc3OC(F)F)n2)CC1,0.1191864077192086
CN(CCOc1ccccc1)C1CCN(C(=O)Cn2cc(NC(=O)c3cnn4cccnc34)c(-c3cc(Cl)ccc3OC(F)F)n2)CC1,-0.3031960574204888
CN(CCC1CCCCC1)C1CCN(C(=O)Cn2cc(NC(=O)c3cnn4cccnc34)c(-c3cc(Cl)ccc3OC(F)F)n2)CC1,-0.2479732663618066
CN(CC(F)(F)c1ccccc1)C1CCN(C(=O)Cn2cc(NC(=O)c3cnn4cccnc34)c(-c3cc(Cl)ccc3OC(F)F)n2)CC1,-0.041392685158225
O=C(Nc1cn(CC(=O)N2CCC(N(CCc3ccccc3)CC(F)(F)F)CC2)nc1-c1cc(Cl)ccc1OC(F)F)c1cnn2cccnc12,-0.9003671286564703
CN(CCOc1ccc(Br)cc1)C1CCN(C(=O)Cn2cc(NC(=O)c3cnn4cccnc34)c(-c3cc(Cl)ccc3OC(F)F)n2)CC1,-0.3242824552976926
CN(CCOc1ccccc1Br)C1CCN(C(=O)Cn2cc(NC(=O)c3cnn4cccnc34)c(-c3cc(Cl)ccc3OC(F)F)n2)CC1,-0.5010592622177514
CN(CCOc1ccccc1Cl)C1CCN(C(=O)Cn2cc(NC(=O)c3cnn4cccnc34)c(-c3cc(Cl)ccc3OC(F)F)n2)CC1,-0.359835482339888
CN(CCOc1ccc(Cl)cc1)C1CCN(C(=O)Cn2cc(NC(=O)c3cnn4cccnc34)c(-c3cc(Cl)ccc3OC(F)F)n2)CC1,-0.3961993470957363
CCCCN(CCOc1ccc(C)cc1)C1CCN(C(=O)Cn2cc(NC(=O)c3cnn4cccnc34)c(-c3cc(Cl)ccc3OC(F)F)n2)CC1,-0.5634810853944107
C=CCN(CCOc1ccc(C)cc1)C1CCN(C(=O)Cn2cc(NC(=O)c3cnn4cccnc34)c(-c3cc(Cl)ccc3OC(F)F)n2)CC1,-0.8633228601204559
Cc1ccc(OCCN(C)C2CCN(C(=O)Cn3cc(NC(=O)c4cnn5cccnc45)c(-c4cc(Cl)ccc4OC(F)F)n3)CC2)cc1,-0.3074960379132129
O=C(Nc1cn(CC(=O)N2CCC(CN3CCC(F)(F)CC3)(c3ccccc3)CC2)nc1-c1cc(Cl)ccc1OC(F)F)c1cnn2cccnc12,-1.0257153839013406
CN(CC1Oc2ccccc2O1)C1CCN(C(=O)Cn2cc(NC(=O)c3cnn4cccnc34)c(-c3cc(Cl)ccc3OC(F)F)n2)CC1,-0.0043213737826425
CN(Cc1cccc(Oc2ccccc2)c1)C1CCN(C(=O)Cn2cc(NC(=O)c3cnn4cccnc34)c(-c3cc(Cl)ccc3OC(F)F)n2)CC1,-0.3324384599156053
CN(CC1(C#N)CCCCC1)C1CCN(C(=O)Cn2cc(NC(=O)c3cnn4cccnc34)c(-c3cc(Cl)ccc3OC(F)F)n2)CC1,-0.1271047983648076
CCCCN(CC(F)(F)F)C1CCN(C(=O)Cn2cc(NC(=O)c3cnn4cccnc34)c(-c3cc(Cl)ccc3OC(F)F)n2)CC1,-0.3944516808262163
O=C(Nc1cn(CC(=O)N2CCC(N(Cc3ccccc3)CC(F)(F)F)CC2)nc1-c1cc(Cl)ccc1OC(F)F)c1cnn2cccnc12,-0.8475726591421122
CC1(CN(CCC(F)(F)F)C2CCN(C(=O)Cn3cc(NC(=O)c4cnn5cccnc45)c(-c4cc(Cl)ccc4OC(F)F)n3)CC2)COC1,-0.0530784434834196
O=C(Nc1cn(CC(=O)N2CCC(N(CCC(F)(F)F)Cc3ccccc3)CC2)nc1-c1cc(Cl)ccc1OC(F)F)c1cnn2cccnc12,-0.6483600109809317
CN(Cc1ccc(Br)cc1)C1CCN(C(=O)Cn2cc(NC(=O)c3cnn4cccnc34)c(-c3cc(Cl)ccc3OC(F)F)n2)CC1,0.2924298239020636
CN(Cc1ccc(C(C)(C)C)cc1)C1CCN(C(=O)Cn2cc(NC(=O)c3cnn4cccnc34)c(-c3cc(Cl)ccc3OC(F)F)n2)CC1,0.638272163982407
CN(Cc1ccc(Cl)c(Cl)c1)C1CCN(C(=O)Cn2cc(NC(=O)c3cnn4cccnc34)c(-c3cc(Cl)ccc3OC(F)F)n2)CC1,0.5086383061657274
CN(Cc1cccc(Br)c1)C1CCN(C(=O)Cn2cc(NC(=O)c3cnn4cccnc34)c(-c3cc(Cl)ccc3OC(F)F)n2)CC1,0.7695510786217261
CN(CCCc1ccccc1)C1CCN(C(=O)Cn2cc(NC(=O)c3cnn4cccnc34)c(-c3cc(Cl)ccc3OC(F)F)n2)CC1,-0.2121876044039577
C[N+](C)(CCCc1ccccc1)C1CCN(C(=O)Cn2cc(NC(=O)c3cnn4cccnc34)c(-c3cc(Cl)ccc3OC(F)F)n2)CC1,-0.4623979978989561
CC(C)Oc1ccc(CN(C)C2CCN(C(=O)Cn3cc(NC(=O)c4cnn5cccnc45)c(-c4cc(Cl)ccc4OC(F)F)n3)CC2)cc1,-0.3424226808222063
CN(Cc1ccc(Cl)cc1)C1CCN(C(=O)Cn2cc(NC(=O)c3cnn4cccnc34)c(-c3cc(Cl)ccc3OC(F)F)n2)CC1,-0.255272505103306
CCCCOc1ccc(CN(C)C2CCN(C(=O)Cn3cc(NC(=O)c4cnn5cccnc45)c(-c4cc(Cl)ccc4OC(F)F)n3)CC2)cc1,-0.3873898263387294
CN(Cc1cccc(C(F)(F)F)c1)C1CCN(C(=O)Cn2cc(NC(=O)c3cnn4cccnc34)c(-c3cc(Cl)ccc3OC(F)F)n2)CC1,-0.4899584794248346
Cc1ccc(CN(C)C2CCN(C(=O)Cn3cc(NC(=O)c4cnn5cccnc45)c(-c4cc(Cl)ccc4OC(F)F)n3)CC2)c(C)c1,-0.5224442335063199
CN(Cc1ccc2ccccc2c1)C1CCN(C(=O)Cn2cc(NC(=O)c3cnn4cccnc34)c(-c3cc(Cl)ccc3OC(F)F)n2)CC1,-0.4638929889859073
CN(Cc1ccc(F)c(Br)c1)C1CCN(C(=O)Cn2cc(NC(=O)c3cnn4cccnc34)c(-c3cc(Cl)ccc3OC(F)F)n2)CC1,-0.4281347940287888
O=C(Nc1cn(CC(=O)N2CCC(NC(c3ccccc3)C(F)(F)F)CC2)nc1-c1cc(Cl)ccc1OC(F)F)c1cnn2cccnc12,-0.1038037209559568
CN(C1CCN(C(=O)Cn2cc(NC(=O)c3cnn4cccnc34)c(-c3cc(Cl)ccc3OC(F)F)n2)CC1)C(Cc1ccccc1)C(F)(F)F,-0.9206450014067876
CN(CC(C)(F)F)C1CCN(C(=O)Cn2cc(NC(=O)c3cnn4cccnc34)c(-c3cc(Cl)ccc3OC(F)F)n2)CC1,0.1611509092627447
O=C(Nc1cn(CC(=O)N2CCC(N3Cc4ccc(Cl)cc4C3)CC2)nc1-c1cc(Cl)ccc1OC(F)F)c1cnn2cccnc12,-0.0606978403536116
CN(C)C1CCN(C(=O)Cn2cc(NC(=O)c3c(N)nn4cccnc34)c(-c3cc(Cl)ccc3OC(F)F)n2)C1,0.6020599913279624
CN(C)CCOC1CCN(C(=O)Cn2cc(NC(=O)c3c(N)nn4cccnc34)c(-c3cc(Cl)ccc3OC(F)F)n2)CC1,0.1426675035687315
CN(C)C1CN(C(=O)Cn2cc(NC(=O)c3c(N)nn4cccnc34)c(-c3cc(Cl)ccc3OC(F)F)n2)C1,0.585026652029182
CN(C)C1CCN(C(=O)Cn2cc(NC(=O)c3c(N)nn4cccnc34)c(-c3cc(Cl)ccc3OC(F)F)n2)CC1,0.4436974992327127
CN(CCO)C1CCN(C(=O)Cn2cc(NC(=O)c3c(N)nn4cccnc34)c(-c3cc(Cl)ccc3OC(F)F)n2)CC1,0.4089353929735008
COCCN(C)C1CCN(C(=O)Cn2cc(NC(=O)c3c(N)nn4cccnc34)c(-c3cc(Cl)ccc3OC(F)F)n2)CC1,0.2291479883578558
CC(=O)NCCCN1CCC(n2cc(NC(=O)c3cnn4cccnc34)c(-c3cc(Cl)ccc3OC(F)F)n2)CC1,0.4202164033831898
Nc1nn2cccnc2c1C(=O)Nc1cn(C2CCN(CCCC(=O)N3CCCCC3)CC2)nc1-c1cc(Cl)ccc1OC(F)F,0.744727494896694
CC(=O)N1CCC(N2CCC(n3cc(NC(=O)c4c(N)nn5cccnc45)c(-c4cc(Cl)ccc4OC(F)F)n3)CC2)CC1,0.7695510786217261
Nc1nn2cccnc2c1C(=O)Nc1cn(C2CCN(CCCNC(=O)c3ccccc3)CC2)nc1-c1cc(Cl)ccc1OC(F)F,0.7958800173440752
Nc1nn2cccnc2c1C(=O)Nc1cn(C2CCN(CCCN3CCCC3=O)CC2)nc1-c1cc(Cl)ccc1OC(F)F,0.8860566476931632
Nc1nn2cccnc2c1C(=O)Nc1cn(C2CCN(CCCC(=O)N3CCOCC3)CC2)nc1-c1cc(Cl)ccc1OC(F)F,0.8538719643217619
CN(C)C(=O)CCCN1CCC(n2cc(NC(=O)c3c(N)nn4cccnc34)c(-c3cc(Cl)ccc3OC(F)F)n2)CC1,1.0
CNC(=O)CCCN1CCC(n2cc(NC(=O)c3c(N)nn4cccnc34)c(-c3cc(Cl)ccc3OC(F)F)n2)CC1,0.6989700043360187
CC(=O)NCCCN1CCC(n2cc(NC(=O)/C(C(=N)N)=C3\N=CC=CN3)c(-c3cc(Cl)ccc3OC(F)F)n2)CC1,0.7695510786217261
CN(CCCN1CCC(n2cc(NC(=O)c3c(N)nn4cccnc34)c(-c3cc(Cl)ccc3OC(F)F)n2)CC1)C(=O)c1ccccc1,0.3767507096020995
O=C(CCCN1CCC(n2cc(NC(=O)c3cnn4cccnc34)c(-c3cc(Cl)ccc3OC(F)F)n2)CC1)NC1CCOCC1,0.721246399047171
O=C(CCCN1CCC(n2cc(NC(=O)c3cnn4cccnc34)c(-c3cc(Cl)ccc3OC(F)F)n2)CC1)NC1COC1,0.5686362358410126
CN1CCN(CCCN2CCC(n3cc(NC(=O)c4cnn5cccnc45)c(-c4cc(Cl)ccc4OC(F)F)n3)CC2)C1=O,0.638272163982407
O=C(Nc1cn(C2CCN(CCCN3CCCC3=O)CC2)nc1-c1cc(Cl)ccc1OC(F)F)c1cnn2cccnc12,0.619788758288394
CCNC(=O)CCCN1CCC(n2cc(NC(=O)c3cnn4cccnc34)c(-c3cc(Cl)ccc3OC(F)F)n2)CC1,0.721246399047171
CNC(=O)CN1CCC(n2cc(NC(=O)c3cnn4cccnc34)c(-c3cc(Cl)ccc3OC(F)F)n2)CC1,0.1249387366082999
O=C(Nc1cn(C2CCN(CCCN3CCOCC3)CC2)nc1-c1cc(Cl)ccc1OC(F)F)c1cnn2cccnc12,0.585026652029182
O=C(Nc1cn(C2CCN(CCCN3CCSCC3)CC2)nc1-c1cc(Cl)ccc1OC(F)F)c1cnn2cccnc12,0.619788758288394
CNC(=O)CCN1CCC(n2cc(NC(=O)c3cnn4cccnc34)c(-c3cc(Cl)ccc3OC(F)F)n2)CC1,0.4089353929735008
O=C(Nc1cn(C2CCN(CCCN3CCS(=O)(=O)CC3)CC2)nc1-c1cc(Cl)ccc1OC(F)F)c1cnn2cccnc12,0.8860566476931632
NC(=O)CCCN1CCC(n2cc(NC(=O)c3c(N)nn4cccnc34)c(-c3cc(Cl)ccc3OC(F)F)n2)CC1,0.744727494896694
Nc1nn2cccnc2c1C(=O)Nc1cn(C2CCN(CCCN3CCNC3=O)CC2)nc1-c1cc(Cl)ccc1OC(F)F,0.721246399047171
CN1CCN(CCCN2CCC(n3cc(NC(=O)c4c(N)nn5cccnc45)c(-c4cc(Cl)ccc4OC(F)F)n3)CC2)C1=O,1.2218487496163564
NC(=O)CCN1CCC(n2cc(NC(=O)c3c(N)nn4cccnc34)c(-c3cc(Cl)ccc3OC(F)F)n2)CC1,0.8239087409443188
Nc1nn2cccnc2c1C(=O)Nc1cn(C2CCN(CCCN3CCN(Cc4ccccc4)C3=O)CC2)nc1-c1cc(Cl)ccc1OC(F)F,0.585026652029182
Nc1nn2cccnc2c1C(=O)Nc1cn(C2CCN(CCCC(=O)NCc3ccccc3)CC2)nc1-c1cc(Cl)ccc1OC(F)F,0.744727494896694
CNC(=O)CCCN1CCC(n2cc(NC(=O)c3cnn4cccnc34)c(-c3cc(Cl)ccc3OC(F)F)n2)CC1,0.5376020021010439
O=C(Nc1cn(C2CCN(CCCC(=O)N3CCOCC3)CC2)nc1-c1cc(Cl)ccc1OC(F)F)c1cnn2cccnc12,0.6575773191777937
NC(=O)CCCN1CCC(n2cc(NC(=O)c3cnn4cccnc34)c(-c3cc(Cl)ccc3OC(F)F)n2)CC1,0.6020599913279624
Nc1nn2cccnc2c1C(=O)Nc1cn(C2CCCNCC2)nc1-c1cc(Cl)ccc1OC(F)F,0.7695510786217261
CN1CCCC(n2cc(NC(=O)c3c(N)nn4cccnc34)c(-c3cc(Cl)ccc3OC(F)F)n2)CC1,0.8239087409443188
CC(=O)N1CCC(CN2CCC(n3cc(NC(=O)c4c(N)nn5cccnc45)c(-c4cc(Cl)ccc4OC(F)F)n3)CC2)CC1,0.8860566476931632
CC(C)CN1CCC(n2cc(NC(=O)c3c(N)nn4cccnc34)c(-c3cc(Cl)ccc3OC(F)F)n2)CC1,1.0457574905606752
CCOC(=O)CCCN1CCC(n2cc(NC(=O)c3c(N)nn4cccnc34)c(-c3cc(Cl)ccc3OC(F)F)n2)CC1,0.8860566476931632
Nc1nn2cccnc2c1C(=O)Nc1cn(C2CCN(CCCO)CC2)nc1-c1cc(Cl)ccc1OC(F)F,0.9208187539523752
CS(=O)(=O)CCCN1CCC(n2cc(NC(=O)c3c(N)nn4cccnc34)c(-c3cc(Cl)ccc3OC(F)F)n2)CC1,1.0457574905606752
Nc1nn2cccnc2c1C(=O)Nc1cn(C2CCN(Cc3ccccc3)CC2)nc1-c1cc(Cl)ccc1OC(F)F,0.3665315444204134
Nc1nn2cccnc2c1C(=O)Nc1cn(C2CCN(CCCCc3ccccc3)CC2)nc1-c1cc(Cl)ccc1OC(F)F,0.0457574905606751
Nc1nn2cccnc2c1C(=O)Nc1cn(C2CCN(CCOCc3ccccc3)CC2)nc1-c1cc(Cl)ccc1OC(F)F,0.4559319556497244
Nc1nn2cccnc2c1C(=O)Nc1cn(C2CCN(CCCCOCCc3ccccc3)CC2)nc1-c1cc(Cl)ccc1OC(F)F,0.3187587626244128
CN1CCC(n2cc(NC(=O)c3c(N)nn4cccnc34)c(-c3cc(Cl)ccc3OC(F)F)n2)CC1,0.744727494896694
CN(CC1(C#N)CCCCC1)C1CCN(C(=O)c2ccc(-n3cc(NC(=O)c4cnn5cccnc45)c(-c4cc(Cl)ccc4OC(F)F)n3)cc2)CC1,-0.9556877503135056
CN(C)C1CCN(c2nc(-c3cc(Cl)ccc3OC(F)F)c(NC(=O)c3cnn4cccnc34)s2)CC1,0.0757207139381183
CN(CCC#N)C1CCN(c2nc(-c3cc(Cl)ccc3OC(F)F)c(NC(=O)c3cnn4cccnc34)s2)CC1,-0.2068258760318497
CN(C)CC1CCN(c2nc(-c3cc(Cl)ccc3OC(F)F)c(NC(=O)c3cnn4cccnc34)s2)CC1,-0.3053513694466238
CN(C)CCC1CCN(c2nc(-c3cc(Cl)ccc3OC(F)F)c(NC(=O)c3cnn4cccnc34)s2)CC1,-0.4653828514484183
CN(CCc1ccccc1)C1CCN(c2nc(-c3cc(Cl)ccc3OC(F)F)c(NC(=O)c3cnn4cccnc34)s2)CC1,-0.5705429398818975
CN(CCCC(N)=O)C1CCN(c2nc(-c3cc(Cl)ccc3OC(F)F)c(NC(=O)c3cnn4cccnc34)s2)CC1,-0.1643528557844371
O=C(Nc1sc(N2CCC(N3CC(F)C3)CC2)nc1-c1cc(Cl)ccc1OC(F)F)c1cnn2cccnc12,-0.1583624920952496
O=C(Nc1sc(N2CC(N3CCCCC3)C2)nc1-c1cc(Cl)ccc1OC(F)F)c1cnn2cccnc12,0.0655015487564322
O=C(Nc1sc(N2CCC(N3CC(F)(F)C3)CC2)nc1-c1cc(Cl)ccc1OC(F)F)c1cnn2cccnc12,-0.021189299069938
CN(C)C1CCN(C(=O)C2CCN(c3nc(-c4cc(Cl)ccc4OC(F)F)c(NC(=O)c4cnn5cccnc45)s3)CC2)CC1,0.0655015487564322
CN(CC(F)(F)F)C1CCN(c2nc(-c3cc(Cl)ccc3OC(F)F)c(NC(=O)c3cnn4cccnc34)s2)CC1,-0.3364597338485295
CCCCN(C)C1CCN(c2nc(-c3cc(Cl)ccc3OC(F)F)c(NC(=O)c3cnn4cccnc34)s2)CC1,-0.0293837776852096
CN(CC1(C)COC1)C1CCN(c2nc(-c3cc(Cl)ccc3OC(F)F)c(NC(=O)c3cnn4cccnc34)s2)CC1,-0.0293837776852096
CN(Cc1ccccc1)C1CCN(c2nc(-c3cc(Cl)ccc3OC(F)F)c(NC(=O)c3cnn4cccnc34)s2)CC1,-0.5751878449276611
CN(CC(F)(F)F)C1CCN(C(=O)C2CCN(c3nc(-c4cc(Cl)ccc4OC(F)F)c(NC(=O)c4cnn5cccnc45)s3)CC2)CC1,-0.2600713879850748
CN(CC1(C#N)CCCCC1)C1CCN(c2nc(-c3cc(Cl)ccc3OC(F)F)c(NC(=O)c3cnn4cccnc34)s2)CC1,-0.6180480967120927
CN(CC1(C#N)CCCCC1)C1CCN(C(=O)C2CCN(c3nc(-c4cc(Cl)ccc4OC(F)F)c(NC(=O)c4cnn5cccnc45)s3)CC2)CC1,-0.1492191126553798
CN1CCN(c2nc(-c3cc(Cl)ccc3OC(F)F)c(NC(=O)c3cnn4cccnc34)s2)CC1,0.2365720064370627
O=C(Nc1sc(N2CCN(CCc3ccccc3)CC2)nc1-c1cc(Cl)ccc1OC(F)F)c1cnn2cccnc12,-0.9380190974762104
O=C(Nc1sc(N2CCN(CC3CC3)CC2)nc1-c1cc(Cl)ccc1OC(F)F)c1cnn2cccnc12,0.1611509092627447
O=C(Nc1sc(N2CCN(CC(F)(F)F)CC2)nc1-c1cc(Cl)ccc1OC(F)F)c1cnn2cccnc12,-0.0334237554869497
CN(C)CC#Cc1nc(-c2cc(Cl)ccc2OC(F)F)c(NC(=O)c2cnn3cccnc23)s1,0.5528419686577808
CCCCN(C)CC#Cc1nc(-c2cc(Cl)ccc2OC(F)F)c(NC(=O)c2cnn3cccnc23)s1,1.0
CN1CCC2(C1)CN(C(=O)Cn1cc(NC(=O)c3cnn4cccnc34)c(-c3cc(Cl)ccc3OC(F)F)n1)C2,-0.1398790864012364
CN1CCC2(CCN(C(=O)Cn3cc(NC(=O)c4cnn5cccnc45)c(-c4cc(Cl)ccc4OC(F)F)n3)C2)C1,-0.2855573090077737
CN1CCC2(CC1)CN(C(=O)Cn1cc(NC(=O)c3cnn4cccnc34)c(-c3cc(Cl)ccc3OC(F)F)n1)CCO2,-0.3692158574101428
CN1CC2(C1)CN(C(=O)Cn1cc(NC(=O)c3cnn4cccnc34)c(-c3cc(Cl)ccc3OC(F)F)n1)C2,-0.1105897102992489
CN1CCC2C(C1)OCCN2C(=O)Cn1cc(NC(=O)c2c(N)nn3cccnc23)c(-c2cc(Cl)ccc2OC(F)F)n1,-0.1003705451175629
CN1CCC2(CC1)CN(C(=O)Cn1cc(NC(=O)c3cnn4cccnc34)c(-c3cc(Cl)ccc3OC(F)F)n1)C2,-0.2600713879850748
O=C(Nc1cn(CC(=O)N2CC3(CCNCC3)C2)nc1-c1cc(Cl)ccc1OC(F)F)c1cnn2cccnc12,-0.1367205671564068
CN1CC2(CCN(C(=O)Cn3cc(NC(=O)c4cnn5cccnc45)c(-c4cc(Cl)ccc4OC(F)F)n3)CC2)C1,-0.4885507165004442
O=C(Nc1cn(CC(=O)N2CCC3(CNC3)C2)nc1-c1cc(Cl)ccc1OC(F)F)c1cnn2cccnc12,-0.1072099696478683
O=C(Nc1cn(CC(=O)N2CC3(CCNC3)C2)nc1-c1cc(Cl)ccc1OC(F)F)c1cnn2cccnc12,-0.4329692908744057
CN1CC2(CCN(C(=O)Cn3cc(NC(=O)c4cnn5cccnc45)c(-c4cc(Cl)ccc4OC(F)F)n3)C2)C1,-0.2253092817258628
CN1CCC2(CC1)CCN(C(=O)Cn1cc(NC(=O)c3cnn4cccnc34)c(-c3cc(Cl)ccc3OC(F)F)n1)C2,-0.2013971243204515
O=C(Nc1cn(CC(=O)N2CCC3(CCNC3)CC2)nc1-c1cc(Cl)ccc1OC(F)F)c1cnn2cccnc12,0.1426675035687315
CN1CCC2(CCN(C(=O)Cn3cc(NC(=O)c4cnn5cccnc45)c(-c4cc(Cl)ccc4OC(F)F)n3)CC2)C1,-0.167317334748176
CC(C)CN1CCC2(CCN(C(=O)Cn3cc(NC(=O)c4cnn5cccnc45)c(-c4cc(Cl)ccc4OC(F)F)n3)CC2)C1,-0.1105897102992489
O=C(Nc1cn(CC(=O)N2CCC3(CCN(CC4CCN(C(=O)OCc5ccccc5)CC4)C3)CC2)nc1-c1cc(Cl)ccc1OC(F)F)c1cnn2cccnc12,-0.0453229787866574
CN1CCN(C(=O)Cn2cc(NC(=O)c3cnn4cccnc34)c(-c3cc(Cl)ccc3OC(F)F)n2)CC1,0.0315170514460648
O=C(Nc1cn(CC(=O)N2CCN(CCO)CC2)nc1-c1cc(Cl)ccc1OC(F)F)c1cnn2cccnc12,0.0506099933550872
COCCN1CCN(C(=O)Cn2cc(NC(=O)c3cnn4cccnc34)c(-c3cc(Cl)ccc3OC(F)F)n2)CC1,0.0757207139381183
O=C(Nc1cn(CC(=O)N2CCN(CCCO)CC2)nc1-c1cc(Cl)ccc1OC(F)F)c1cnn2cccnc12,0.1487416512809247
O=C(Nc1cn(CC(=O)N2CCN(CCOCCO)CC2)nc1-c1cc(Cl)ccc1OC(F)F)c1cnn2cccnc12,-0.0718820073061253
CS(=O)(=O)CCN1CCN(C(=O)Cn2cc(NC(=O)c3cnn4cccnc34)c(-c3cc(Cl)ccc3OC(F)F)n2)CC1,-0.1643528557844371
CCN1CCN(C(=O)Cn2cc(NC(=O)c3cnn4cccnc34)c(-c3cc(Cl)ccc3OC(F)F)n2)CC1,-0.1553360374650618
O=C(Nc1cn(CC(=O)N2CCN(c3ccccc3)CC2)nc1-c1cc(Cl)ccc1OC(F)F)c1cnn2cccnc12,0.1307682802690238
N#Cc1ccc(N2CCN(C(=O)Cn3cc(NC(=O)c4cnn5cccnc45)c(-c4cc(Cl)ccc4OC(F)F)n3)CC2)cc1,0.1191864077192086
N#Cc1ccc(CN2CCN(C(=O)Cn3cc(NC(=O)c4cnn5cccnc45)c(-c4cc(Cl)ccc4OC(F)F)n3)CC2)cc1,0.2596373105057561
CN1CCCN(C(=O)Cn2cc(NC(=O)c3cnn4cccnc34)c(-c3cc(Cl)ccc3OC(F)F)n2)CC1,-0.3765769570565119
O=C(Nc1cn(CC(=O)N2CCCN(CCO)CC2)nc1-c1cc(Cl)ccc1OC(F)F)c1cnn2cccnc12,-0.2253092817258628
O=C(Nc1cn(CC(=O)N2CCN3CCCCC3C2)nc1-c1cc(Cl)ccc1OC(F)F)c1cnn2cccnc12,-0.0969100130080564
CN1[C@H]2CC[C@@H]1CN(C(=O)Cn1cc(NC(=O)c3cnn4cccnc34)c(-c3cc(Cl)ccc3OC(F)F)n1)C2,-0.0128372247051722
CN1CCN(C(=O)Cn2cc(NC(=O)c3c(N)nn4cccnc34)c(-c3cc(Cl)ccc3OC(F)F)n2)CC1,0.4436974992327127
Nc1nn2cccnc2c1C(=O)Nc1cn(CC(=O)N2CCN(CCO)CC2)nc1-c1cc(Cl)ccc1OC(F)F,0.619788758288394
COCCN1CCN(C(=O)Cn2cc(NC(=O)c3c(N)nn4cccnc34)c(-c3cc(Cl)ccc3OC(F)F)n2)CC1,0.6575773191777937
CN1CCCN(C(=O)Cn2cc(NC(=O)c3c(N)nn4cccnc34)c(-c3cc(Cl)ccc3OC(F)F)n2)CC1,0.2441251443275086
CCN1CCN(C(=O)Cn2cc(NC(=O)c3c(N)nn4cccnc34)c(-c3cc(Cl)ccc3OC(F)F)n2)CC1,0.5228787452803376
Nc1nn2cccnc2c1C(=O)Nc1cn(CC(=O)N2CCN(CC3CC3)CC2)nc1-c1cc(Cl)ccc1OC(F)F,0.4089353929735008
Nc1nn2cccnc2c1C(=O)Nc1cn(CC(=O)N2CCNCC2)nc1-c1cc(Cl)ccc1OC(F)F,0.3565473235138126
C[C@H]1CN(C(=O)Cn2cc(NC(=O)c3c(N)nn4cccnc34)c(-c3cc(Cl)ccc3OC(F)F)n2)C[C@@H](C)N1,0.3372421683184259
CN(C)C1CCN(C(=O)c2ccc(-c3nc(-c4cc(Cl)ccc4OC(F)F)c(NC(=O)c4cnn5cccnc45)s3)cc2)CC1,0.3872161432802645
O=C(Nc1sc(-c2ccncc2)nc1-c1cc(Cl)ccc1OC(F)F)c1cnn2cccnc12,0.1135092748275181
CN(C)Cc1ccc(-c2nc(-c3cc(Cl)ccc3OC(F)F)c(NC(=O)c3cnn4cccnc34)s2)cc1,0.3979400086720376
O=C(Nc1sc(-c2ccc(CN3CC(F)C3)cc2)nc1-c1cc(Cl)ccc1OC(F)F)c1cnn2cccnc12,0.0222763947111522
O=C(Nc1sc(-c2ccc(CN3CC(F)(F)C3)cc2)nc1-c1cc(Cl)ccc1OC(F)F)c1cnn2cccnc12,-0.3222192947339193
CN1CCN(c2ccc(-c3nc(-c4cc(Cl)ccc4OC(F)F)c(NC(=O)c4cnn5cccnc45)s3)cc2)CC1,0.1426675035687315
CN1CCN(C(=O)c2ccc(-c3nc(-c4cc(Cl)ccc4OC(F)F)c(NC(=O)c4cnn5cccnc45)s3)cc2)CC1,0.2518119729937995
CN(C)C1CCN(Cc2nc(-c3cc(Cl)ccc3OC(F)F)c(NC(=O)c3cnn4cccnc34)s2)CC1,-0.4232458739368078
CN(CCc1ccccc1)Cc1nc(-c2cc(Cl)ccc2OC(F)F)c(NC(=O)c2cnn3cccnc23)s1,-1.010299956639812
CN1C[C@H]2CN(Cc3nc(-c4cc(Cl)ccc4OC(F)F)c(NC(=O)c4cnn5cccnc45)s3)C[C@H]2C1,-0.2380461031287954
O=C(Nc1sc(CN2CCCCC2)nc1-c1cc(Cl)ccc1OC(F)F)c1cnn2cccnc12,-0.3074960379132129
CN1C[C@H]2CN(C(=O)c3nc(-c4cc(Cl)ccc4OC(F)F)c(NC(=O)c4cnn5cccnc45)s3)C[C@H]2C1,-0.3765769570565119
CN(C)C1CCN(C(=O)c2nc(-c3cc(Cl)ccc3OC(F)F)c(NC(=O)c3cnn4cccnc34)s2)CC1,-0.6324572921847242
Nc1nn2cccnc2c1C(=O)Nc1cn(CC(=O)N2CCC(CO)CC2)nc1-c1cc(Cl)ccc1OC(F)F,1.0
O=C(Nc1cn(CC(=O)N2CCC[C@H]2C(O)CO)nc1-c1cc(Cl)ccc1OC(F)F)c1cnn2cccnc12,0.2076083105017461
O=C(Nc1cn(CC(=O)N2CCC[C@H]2CO)nc1-c1cc(Cl)ccc1OC(F)F)c1cnn2cccnc12,0.3372421683184259
CC1(O)CCN(C(=O)Cn2cc(NC(=O)c3cnn4cccnc34)c(-c3cc(Cl)ccc3OC(F)F)n2)C1,0.0809219076239261
O=C(Nc1cn(CC(=O)N2CCC(O)(CO)CC2)nc1-c1cc(Cl)ccc1OC(F)F)c1cnn2cccnc12,0.1079053973095195
Nc1nn2cccnc2c1C(=O)Nc1cn(CC(=O)N2CCOC(CO)C2)nc1-c1cc(Cl)ccc1OC(F)F,0.638272163982407
O=C(Nc1cn(CC(=O)N2CCC(CO)CC2)nc1-c1cc(Cl)ccc1OC(F)F)c1cnn2cccnc12,0.0409586076789063
O=C(Nc1cn(CC(=O)N2CCC(OCCO)CC2)nc1-c1cc(Cl)ccc1OC(F)F)c1cnn2cccnc12,0.0506099933550872
O=C(Nc1cn(CC(=O)N2CCC(O)(c3ccncc3)CC2)nc1-c1cc(Cl)ccc1OC(F)F)c1cnn2cccnc12,0.744727494896694
O=C(Nc1cn(CC(=O)N2CCOC(CO)C2)nc1-c1cc(Cl)ccc1OC(F)F)c1cnn2cccnc12,0.0809219076239261
O=C(Nc1cn(CC(=O)N2CCC(O)CC2)nc1-c1cc(Cl)ccc1OC(F)F)c1cnn2cccnc12,0.2006594505464183
Nc1nn2cccnc2c1C(=O)Nc1cn(CC(=O)N2CCC(O)(Cc3ccccc3)CC2)nc1-c1cc(Cl)ccc1OC(F)F,0.6575773191777937
CC1(O)CCN(C(=O)Cn2cc(NC(=O)c3cnn4cccnc34)c(-c3cc(Cl)ccc3OC(F)F)n2)CC1,0.0915149811213502
N#CC1(c2ccccc2)CCN(C(=O)Cn2cc(NC(=O)c3cnn4cccnc34)c(-c3cc(Cl)ccc3OC(F)F)n2)CC1,0.3467874862246563
Nc1nn2cccnc2c1C(=O)Nc1cn(CC(=O)N2CCC(F)(F)C2)nc1-c1cc(Cl)ccc1OC(F)F,0.9208187539523752
N#CC1(c2ccccc2)CCN(C(=O)Cn2cc(NC(=O)c3c(N)nn4cccnc34)c(-c3cc(Cl)ccc3OC(F)F)n2)CC1,0.5376020021010439
O=C(Nc1cn(CC(=O)N2CC=CCC2)nc1-c1cc(Cl)ccc1OC(F)F)c1cnn2cccnc12,0.431798275933005
Nc1nn2cccnc2c1C(=O)Nc1cn(CC(=O)N2CCC(Oc3ccccc3)CC2)nc1-c1cc(Cl)ccc1OC(F)F,0.3279021420642826
Nc1nn2cccnc2c1C(=O)Nc1cn(CC(=O)N2CCC(O)(c3ccccc3)CC2)nc1-c1cc(Cl)ccc1OC(F)F,0.585026652029182
O=C(Nc1cn(CC(=O)N2CCC(F)(F)C2)nc1-c1cc(Cl)ccc1OC(F)F)c1cnn2cccnc12,0.1870866433571444
O=C(Nc1cn(CC(=O)N2CCOCC2)nc1-c1cc(Cl)ccc1OC(F)F)c1cnn2cccnc12,-0.0453229787866574
O=C(Nc1cn(CC(=O)N2CCC(O)(c3ccccc3)CC2)nc1-c1cc(Cl)ccc1OC(F)F)c1cnn2cccnc12,0.4202164033831898
Nc1nn2cccnc2c1C(=O)Nc1cn(CC(=O)N2CCOCC2)nc1-c1cc(Cl)ccc1OC(F)F,0.958607314841775
O=C(Cn1cc(NC(=O)c2cnn3cccnc23)c(-c2cc(Cl)ccc2OC(F)F)n1)NCC1(CO)CC1,0.2596373105057561
O=C(Nc1cn(CC2(O)CCCC2)nc1-c1cc(Cl)ccc1OC(F)F)c1cnn2cccnc12,0.3979400086720376
CN(C(=O)Cn1cc(NC(=O)c2cnn3cccnc23)c(-c2cc(Cl)ccc2OC(F)F)n1)C1(CO)CC1,0.4202164033831898
COCCNCCn1cc(NC(=O)c2cnn3cccnc23)c(-c2cc(Cl)ccc2OC(F)F)n1,0.2441251443275086
NCCn1cc(NC(=O)c2c(N)nn3cccnc23)c(-c2cc(Cl)ccc2OC(F)F)n1,0.6777807052660807
CN[C@@H]1CCC[C@H](n2cc(NC(=O)c3c(N)nn4cccnc34)c(-c3cc(Cl)ccc3OC(F)F)n2)C1,0.6777807052660807
Nc1nn2cccnc2c1C(=O)Nc1cn([C@H]2C[C@@H](N)C2)nc1-c1cc(Cl)ccc1OC(F)F,1.154901959985743
CN[C@H]1C[C@@H](n2cc(NC(=O)c3c(N)nn4cccnc34)c(-c3cc(Cl)ccc3OC(F)F)n2)C1,0.744727494896694
CCN(Cc1ccnc(C)c1)C(=O)Cn1cc(NC(=O)c2cnn3cccnc23)c(-c2cc(Cl)ccc2OC(F)F)n1,0.4089353929735008
CCN(Cc1ccnc(Cl)c1)C(=O)Cn1cc(NC(=O)c2cnn3cccnc23)c(-c2cc(Cl)ccc2OC(F)F)n1,0.744727494896694
CCN(Cc1cccnc1)C(=O)Cn1cc(NC(=O)c2cnn3cccnc23)c(-c2cc(Cl)ccc2OC(F)F)n1,0.4436974992327127
CN(C)C1CCN(C(=O)c2ccc(-n3cc(NC(=O)c4cnn5cccnc45)c(-c4cc(Cl)ccc4OC(F)F)n3)cc2)CC1,-0.0453229787866574
CN(CC(F)(F)F)C1CCN(C(=O)c2ccc(-n3cc(NC(=O)c4cnn5cccnc45)c(-c4cc(Cl)ccc4OC(F)F)n3)cc2)CC1,-0.515873843711679
N=C(N)CCn1cc(NC(=O)c2cnn3cccnc23)c(-c2cc(Cl)ccc2OC(F)F)n1,0.4089353929735008
N=C(N)CCCn1cc(NC(=O)c2cnn3cccnc23)c(-c2cc(Cl)ccc2OC(F)F)n1,0.494850021680094
CCOC(=O)CNCCn1cc(NC(=O)c2cnn3cccnc23)c(-c2cc(Cl)ccc2OC(F)F)n1,0.2676062401770315
O=C(CNCCn1cc(NC(=O)c2cnn3cccnc23)c(-c2cc(Cl)ccc2OC(F)F)n1)OC1CCCC1,0.2291479883578558
O=C(Nc1cn(CC(=O)N2CCCCC2)nc1-c1cc(Cl)ccc1OC(F)F)c1cnn2cccnc12,0.2596373105057561
CCOC(=O)[C@@H](N)CCn1cc(NC(=O)c2cnn3cccnc23)c(-c2cc(Cl)ccc2OC(F)F)n1,0.3279021420642826
O=C(O)CN1CCN(C(=O)Cn2cc(NC(=O)c3cnn4cccnc34)c(-c3cc(Cl)ccc3OC(F)F)n2)CC1,0.2291479883578558
O=C(O)CNC1CCN(CCn2cc(NC(=O)c3cnn4cccnc34)c(-c3cc(Cl)ccc3OC(F)F)n2)CC1,0.1366771398795441
CSCCNCCn1cc(NC(=O)c2cnn3cccnc23)c(-c2cc(Cl)ccc2OC(F)F)n1,0.494850021680094
O=C(Nc1cn(CCNCc2ccccc2)nc1-c1cc(Cl)ccc1OC(F)F)c1cnn2cccnc12,0.6777807052660807
O=C(Nc1cn(CCNCc2ccccn2)nc1-c1cc(Cl)ccc1OC(F)F)c1cnn2cccnc12,0.4089353929735008
O=C(Nc1cn(CCNCc2ccncc2)nc1-c1cc(Cl)ccc1OC(F)F)c1cnn2cccnc12,0.3979400086720376
CC(c1ccccc1)N1CCN(C(=O)Cn2cc(NC(=O)c3cnn4cccnc34)c(-c3cc(Cl)ccc3OC(F)F)n2)CC1,-0.0170333392987803
CC(C)CN1CCN(C(=O)Cn2cc(NC(=O)c3cnn4cccnc34)c(-c3cc(Cl)ccc3OC(F)F)n2)CC1,-0.0644579892269184
CC1(CN2CCN(C(=O)Cn3cc(NC(=O)c4cnn5cccnc45)c(-c4cc(Cl)ccc4OC(F)F)n3)CC2)COC1,-0.0453229787866574
CCCN1CCN(C(=O)Cn2cc(NC(=O)c3cnn4cccnc34)c(-c3cc(Cl)ccc3OC(F)F)n2)CC1,0.0655015487564322
O=C(Nc1cn(CC(=O)N2CCN(Cc3ccccc3)CC2)nc1-c1cc(Cl)ccc1OC(F)F)c1cnn2cccnc12,0.2218487496163563
O=C(Nc1cn(CC(=O)N2CCN(CCN3CCOCC3)CC2)nc1-c1cc(Cl)ccc1OC(F)F)c1cnn2cccnc12,0.0457574905606751
COC(=O)CN1CCN(C(=O)Cn2cc(NC(=O)c3cnn4cccnc34)c(-c3cc(Cl)ccc3OC(F)F)n2)CC1,0.0969100130080563
O=C1CCC(Cn2cc(NC(=O)c3cnn4cccnc34)c(-c3cc(Cl)ccc3OC(F)F)n2)O1,0.4814860601221125
O=C(Nc1cn(CC(=O)N2CCNCC2)nc1-c1cc(Cl)ccc1OC(F)F)c1cnn2cccnc12,-0.2068258760318497
CN(C)C(=O)CN1CCN(C(=O)Cn2cc(NC(=O)c3cnn4cccnc34)c(-c3cc(Cl)ccc3OC(F)F)n2)CC1,-0.0128372247051722
O=C(Nc1cn(CCNCc2ccccc2O)nc1-c1cc(Cl)ccc1OC(F)F)c1cnn2cccnc12,0.5528419686577808
O=C(Nc1cn(CCNCc2cccc(O)c2)nc1-c1cc(Cl)ccc1OC(F)F)c1cnn2cccnc12,0.6989700043360187
O=C(Nc1cn(CCNCc2ccc(O)cc2)nc1-c1cc(Cl)ccc1OC(F)F)c1cnn2cccnc12,0.638272163982407
COC(=O)CNC1CCN(C(=O)Cn2cc(NC(=O)c3cnn4cccnc34)c(-c3cc(Cl)ccc3OC(F)F)n2)CC1,0.1191864077192086
O=C(Nc1cn(CC(=O)N2CCC(N3CCC(O)CC3=O)CC2)nc1-c1cc(Cl)ccc1OC(F)F)c1cnn2cccnc12,0.0555173278498313
COC(=O)CCN1CCN(C(=O)Cn2cc(NC(=O)c3cnn4cccnc34)c(-c3cc(Cl)ccc3OC(F)F)n2)CC1,0.1135092748275181
CCOC(=O)CCN1CCN(C(=O)Cn2cc(NC(=O)c3cnn4cccnc34)c(-c3cc(Cl)ccc3OC(F)F)n2)CC1,0.0409586076789063
COC(=O)C1CCN(CCN2CCN(C(=O)Cn3cc(NC(=O)c4cnn5cccnc45)c(-c4cc(Cl)ccc4OC(F)F)n3)CC2)CC1,-0.292256071356476
CCOC(=O)C1CCN(CCN2CCN(C(=O)Cn3cc(NC(=O)c4cnn5cccnc45)c(-c4cc(Cl)ccc4OC(F)F)n3)CC2)CC1,-0.2576785748691845
COC(=O)C1(C)CCN(CCN2CCN(C(=O)Cn3cc(NC(=O)c4cnn5cccnc45)c(-c4cc(Cl)ccc4OC(F)F)n3)CC2)CC1,-0.3463529744506387
O=C(Nc1cn(CC(=O)N2CCC(C(=O)OCCN3CCOCC3)CC2)nc1-c1cc(Cl)ccc1OC(F)F)c1cnn2cccnc12,-0.021189299069938
CCOC(=O)C1(C)CCN(CCN2CCN(C(=O)Cn3cc(NC(=O)c4cnn5cccnc45)c(-c4cc(Cl)ccc4OC(F)F)n3)CC2)CC1,-0.4014005407815441
CN(C)CCOC(=O)C1CCN(C(=O)Cn2cc(NC(=O)c3cnn4cccnc34)c(-c3cc(Cl)ccc3OC(F)F)n2)CC1,-0.0644579892269184
CC1(C(=O)OCCN2CCOCC2)CCN(C(=O)Cn2cc(NC(=O)c3cnn4cccnc34)c(-c3cc(Cl)ccc3OC(F)F)n2)CC1,-0.0043213737826425
CN(C)CCOC(=O)C1(C)CCN(C(=O)Cn2cc(NC(=O)c3cnn4cccnc34)c(-c3cc(Cl)ccc3OC(F)F)n2)CC1,-0.2528530309798932
O=C(Nc1cn(CC(=O)N2CCC(C(=O)OCC3CCNCC3)CC2)nc1-c1cc(Cl)ccc1OC(F)F)c1cnn2cccnc12,-0.4183012913197454
O=C(Nc1cn(CC(=O)N2CCC(C(=O)O)CC2)nc1-c1cc(Cl)ccc1OC(F)F)c1cnn2cccnc12,0.6989700043360187
CN(CC1CCC(=O)O1)C1CCN(C(=O)Cn2cc(NC(=O)c3cnn4cccnc34)c(-c3cc(Cl)ccc3OC(F)F)n2)CC1,-0.2787536009528289
COC(=O)CCN(C)C1CCN(C(=O)Cn2cc(NC(=O)c3cnn4cccnc34)c(-c3cc(Cl)ccc3OC(F)F)n2)CC1,-0.167317334748176
CSc1ccc(CNCCn2cc(NC(=O)c3cnn4cccnc34)c(-c3cc(Cl)ccc3OC(F)F)n2)cc1,0.5086383061657274
O=C1CC(N2CCN(C(=O)Cn3cc(NC(=O)c4cnn5cccnc45)c(-c4cc(Cl)ccc4OC(F)F)n3)CC2)CCO1,0.1191864077192086
O=C(Nc1cn(CC(=O)N2CCC(CN3CCOCC3)CC2)nc1-c1cc(Cl)ccc1OC(F)F)c1cnn2cccnc12,-0.0086001717619175
CN1CCN(C2CCN(C(=O)Cn3cc(NC(=O)c4cnn5cccnc45)c(-c4cc(Cl)ccc4OC(F)F)n3)CC2)CC1,-0.2174839442139062
CN1CCN(CC2CCN(C(=O)Cn3cc(NC(=O)c4cnn5cccnc45)c(-c4cc(Cl)ccc4OC(F)F)n3)CC2)CC1,-0.1522883443830564
O=C1C=C(CN2CCN(C(=O)Cn3cc(NC(=O)c4cnn5cccnc45)c(-c4cc(Cl)ccc4OC(F)F)n3)CC2)CO1,0.0268721464003013
CN(CC1=CC(=O)OC1)C1CCN(C(=O)Cn2cc(NC(=O)c3cnn4cccnc34)c(-c3cc(Cl)ccc3OC(F)F)n2)CC1,0.1249387366082999
O=C(O)CCN1CCN(C(=O)Cn2cc(NC(=O)c3cnn4cccnc34)c(-c3cc(Cl)ccc3OC(F)F)n2)CC1,0.4436974992327127
CCOC(=O)CN(CCn1cc(NC(=O)c2cnn3cccnc23)c(-c2cc(Cl)ccc2OC(F)F)n1)Cc1cccnc1,-0.5145477526602861
O=C(O)CN(CCn1cc(NC(=O)c2cnn3cccnc23)c(-c2cc(Cl)ccc2OC(F)F)n1)Cc1cccnc1,-0.08278537031645
CCOC(=O)CNC1CCN(C(=O)Cn2cc(NC(=O)c3cnn4cccnc34)c(-c3cc(Cl)ccc3OC(F)F)n2)CC1,-0.2041199826559248
O=C(O)CNC1CCN(C(=O)Cn2cc(NC(=O)c3cnn4cccnc34)c(-c3cc(Cl)ccc3OC(F)F)n2)CC1,0.2596373105057561
CCOC(=O)CN1CCC(n2cc(NC(=O)c3cnn4cccnc34)c(-c3cc(Cl)ccc3OC(F)F)n2)CC1,0.00436480540245
O=C(Nc1cn(CCNCc2ncco2)nc1-c1cc(Cl)ccc1OC(F)F)c1cnn2cccnc12,0.3010299956639812
O=C(Nc1cn(CCNCc2cccnc2)nc1-c1cc(Cl)ccc1OC(F)F)c1cnn2cccnc12,0.2924298239020636
CN[C@@H](C)Cn1cc(NC(=O)c2cnn3cccnc23)c(-c2cc(Cl)ccc2OC(F)F)n1,-0.0969100130080564
C[C@@H](Cn1cc(NC(=O)c2cnn3cccnc23)c(-c2cc(Cl)ccc2OC(F)F)n1)N(C)C,-0.1367205671564068
CCN[C@@H](C)Cn1cc(NC(=O)c2cnn3cccnc23)c(-c2cc(Cl)ccc2OC(F)F)n1,-0.0755469613925307
CSCCN1CCN(C(=O)Cn2cc(NC(=O)c3cnn4cccnc34)c(-c3cc(Cl)ccc3OC(F)F)n2)CC1,0.2924298239020636
CC(C)N1CCN(C(=O)Cn2cc(NC(=O)c3cnn4cccnc34)c(-c3cc(Cl)ccc3OC(F)F)n2)CC1,-0.093421685162235
O=C(Nc1cn(CC(=O)N2CCN(CC3CC3)CC2)nc1-c1cc(Cl)ccc1OC(F)F)c1cnn2cccnc12,0.0555173278498313
CC1CN(C)CCN1C(=O)Cn1cc(NC(=O)c2cnn3cccnc23)c(-c2cc(Cl)ccc2OC(F)F)n1,-0.187520720836463
CC1CN(C(=O)Cn2cc(NC(=O)c3cnn4cccnc34)c(-c3cc(Cl)ccc3OC(F)F)n2)CCN1C,-0.0128372247051722
CN1CCN(C(=O)Cn2cc(NC(=O)c3cnn4cccnc34)c(-c3cc(Cl)ccc3OC(F)F)n2)C(C)(C)C1,-0.1139433523068367
CN1CCN(C(=O)Cn2cc(NC(=O)c3cnn4cccnc34)c(-c3cc(Cl)ccc3OC(F)F)n2)CC1(C)C,-0.2041199826559248
CN(C)CCN1CCN(C(=O)Cn2cc(NC(=O)c3cnn4cccnc34)c(-c3cc(Cl)ccc3OC(F)F)n2)CC1,-0.367355921026019
O=C(Nc1cn(CC(=O)N2CCN(Cc3ncco3)CC2)nc1-c1cc(Cl)ccc1OC(F)F)c1cnn2cccnc12,0.1674910872937636
O=C1CCC(CNCCn2cc(NC(=O)c3cnn4cccnc34)c(-c3cc(Cl)ccc3OC(F)F)n2)O1,0.2596373105057561
O=C1CCC(CN2CCN(C(=O)Cn3cc(NC(=O)c4cnn5cccnc45)c(-c4cc(Cl)ccc4OC(F)F)n3)CC2)O1,0.1249387366082999
CNC(=O)CN1CCN(C(=O)Cn2cc(NC(=O)c3cnn4cccnc34)c(-c3cc(Cl)ccc3OC(F)F)n2)CC1,0.1804560644581313
COC(=O)CNCCn1cc(NC(=O)c2cnn3cccnc23)c(-c2cc(Cl)ccc2OC(F)F)n1,0.2518119729937995
COC(=O)[C@@H](N)CCn1cc(NC(=O)c2cnn3cccnc23)c(-c2cc(Cl)ccc2OC(F)F)n1,0.3372421683184259
CN1CCC(COC(=O)C2CCN(C(=O)Cn3cc(NC(=O)c4cnn5cccnc45)c(-c4cc(Cl)ccc4OC(F)F)n3)CC2)CC1,-0.3838153659804312
CN1CCC(COC(=O)C2(C)CCN(C(=O)Cn3cc(NC(=O)c4cnn5cccnc45)c(-c4cc(Cl)ccc4OC(F)F)n3)CC2)CC1,-0.3344537511509309
CN(CCn1cc(NC(=O)c2cnn3cccnc23)c(-c2cc(Cl)ccc2OC(F)F)n1)CC1CCC(=O)O1,0.0757207139381183
CCOC(=O)CCN(C)C1CCN(C(=O)Cn2cc(NC(=O)c3cnn4cccnc34)c(-c3cc(Cl)ccc3OC(F)F)n2)CC1,-0.3961993470957363
O=C1CC(N2CCN(C(=O)Cn3cc(NC(=O)c4cnn5cccnc45)c(-c4cc(Cl)ccc4OC(F)F)n3)CC2)CO1,0.1135092748275181
O=C(Nc1cn(CC(=O)N2CCN(N3CCOCC3)CC2)nc1-c1cc(Cl)ccc1OC(F)F)c1cnn2cccnc12,0.0506099933550872
O=C(Nc1cn(C/C=C/CN2CCOCC2)nc1-c1cc(Cl)ccc1OC(F)F)c1cnn2cccnc12,0.2146701649892329
CN1CCN(C/C=C/Cn2cc(NC(=O)c3cnn4cccnc34)c(-c3cc(Cl)ccc3OC(F)F)n2)CC1,0.0177287669604316
CSCCOC(=O)CNCCn1cc(NC(=O)c2cnn3cccnc23)c(-c2cc(Cl)ccc2OC(F)F)n1,-0.1105897102992489
CCOC(=O)CN1CCN(C(=O)Cn2cc(NC(=O)c3cnn4cccnc34)c(-c3cc(Cl)ccc3OC(F)F)n2)CC1,0.1135092748275181
CN1CCN(C(=O)C2CCN(C(=O)Cn3cc(NC(=O)c4cnn5cccnc45)c(-c4cc(Cl)ccc4OC(F)F)n3)CC2)CC1,-0.1613680022349748
CN(C)C(=O)CN(C)C1CCN(C(=O)Cn2cc(NC(=O)c3cnn4cccnc34)c(-c3cc(Cl)ccc3OC(F)F)n2)CC1,-0.2380461031287954
CN(C)C(=O)CNC1CCN(C(=O)Cn2cc(NC(=O)c3cnn4cccnc34)c(-c3cc(Cl)ccc3OC(F)F)n2)CC1,-0.3074960379132129
O=C(Nc1cn(CC(O)CN2CCOCC2)nc1-c1cc(Cl)ccc1OC(F)F)c1cnn2cccnc12,0.1487416512809247
CN(C)CC(O)Cn1cc(NC(=O)c2cnn3cccnc23)c(-c2cc(Cl)ccc2OC(F)F)n1,0.2146701649892329
O=C(Nc1cn(CC(O)CN2CCCCC2)nc1-c1cc(Cl)ccc1OC(F)F)c1cnn2cccnc12,0.1674910872937636
N#CCCN1CCN(C(=O)Cn2cc(NC(=O)c3cnn4cccnc34)c(-c3cc(Cl)ccc3OC(F)F)n2)CC1,0.00436480540245
O=C1CN(C2CCN(C(=O)Cn3cc(NC(=O)c4cnn5cccnc45)c(-c4cc(Cl)ccc4OC(F)F)n3)CC2)CCN1,0.1487416512809247
O=C(Nc1cn(CC(=O)N2CCC(C(=O)N3CCNCC3)CC2)nc1-c1cc(Cl)ccc1OC(F)F)c1cnn2cccnc12,-0.359835482339888
N#CC1CCN(C2CCN(C(=O)Cn3cc(NC(=O)c4cnn5cccnc45)c(-c4cc(Cl)ccc4OC(F)F)n3)CC2)C1,0.0506099933550872
CC1(N2CCOCC2)CCN(C(=O)Cn2cc(NC(=O)c3cnn4cccnc34)c(-c3cc(Cl)ccc3OC(F)F)n2)CC1,-0.0969100130080564
CN(C)CC(=O)Cn1cc(NC(=O)c2cnn3cccnc23)c(-c2cc(Cl)ccc2OC(F)F)n1,0.3665315444204134
O=C(CN1CCOCC1)Cn1cc(NC(=O)c2cnn3cccnc23)c(-c2cc(Cl)ccc2OC(F)F)n1,0.0177287669604316
CC(C#N)CN(C)C1CCN(C(=O)Cn2cc(NC(=O)c3cnn4cccnc34)c(-c3cc(Cl)ccc3OC(F)F)n2)CC1,0.1307682802690238
N#C[C@H]1CCCN(C2CCN(C(=O)Cn3cc(NC(=O)c4cnn5cccnc45)c(-c4cc(Cl)ccc4OC(F)F)n3)CC2)C1,0.1191864077192086
CN1CCC(=CCn2cc(NC(=O)c3cnn4cccnc34)c(-c3cc(Cl)ccc3OC(F)F)n2)CC1,-0.320146286111054
CN1CCN(C2CCN(C(=O)Cn3cc(NC(=O)c4cnn5cccnc45)c(-c4cc(Cl)ccc4OC(F)F)n3)CC2)CC1=O,0.0757207139381183
O=C(Nc1cn(CCN2CCNCC2=O)nc1-c1cc(Cl)ccc1OC(F)F)c1cnn2cccnc12,-0.1367205671564068
O=C(CN1CCCCC1)Cn1cc(NC(=O)c2cnn3cccnc23)c(-c2cc(Cl)ccc2OC(F)F)n1,0.0969100130080563
CC(C#N)CNC1CCN(C(=O)Cn2cc(NC(=O)c3cnn4cccnc34)c(-c3cc(Cl)ccc3OC(F)F)n2)CC1,-0.0253058652647702
CN(CCC#N)C1CCC(=CCn2cc(NC(=O)c3cnn4cccnc34)c(-c3cc(Cl)ccc3OC(F)F)n2)CC1,0.0915149811213502
N#CCCNC1CCC(=CCn2cc(NC(=O)c3cnn4cccnc34)c(-c3cc(Cl)ccc3OC(F)F)n2)CC1,0.0506099933550872
NC1CCC(=CCn2cc(NC(=O)c3cnn4cccnc34)c(-c3cc(Cl)ccc3OC(F)F)n2)CC1,-0.2479732663618066
CN(C)C(=O)[C@@H]1CCCN1CC1CCN(C(=O)Cn2cc(NC(=O)c3cnn4cccnc34)c(-c3cc(Cl)ccc3OC(F)F)n2)CC1,-0.4456042032735975
CN(C)C(=O)[C@@H]1CCCN1C1CCN(C(=O)Cn2cc(NC(=O)c3cnn4cccnc34)c(-c3cc(Cl)ccc3OC(F)F)n2)CC1,-0.5365584425715302
CNC(=O)[C@@H]1CCCN1CC1CCN(C(=O)Cn2cc(NC(=O)c3cnn4cccnc34)c(-c3cc(Cl)ccc3OC(F)F)n2)CC1,-0.2148438480476978
CNC(=O)[C@@H]1CCCN1C1CCN(C(=O)Cn2cc(NC(=O)c3cnn4cccnc34)c(-c3cc(Cl)ccc3OC(F)F)n2)CC1,-0.0969100130080564
CN(C)C(=O)CN1CCN(CC2CCN(C(=O)Cn3cc(NC(=O)c4cnn5cccnc45)c(-c4cc(Cl)ccc4OC(F)F)n3)CC2)CC1,-0.0969100130080564
CN(C)C(=O)CN1CCC(CN2CCN(C(=O)Cn3cc(NC(=O)c4cnn5cccnc45)c(-c4cc(Cl)ccc4OC(F)F)n3)CC2)CC1,-0.3996737214810381
O=C(Nc1cn(CC(=O)N2CCN(C3CCOCC3)CC2)nc1-c1cc(Cl)ccc1OC(F)F)c1cnn2cccnc12,0.00436480540245
CN1CCC2CN(C(=O)Cn3cc(NC(=O)c4cnn5cccnc45)c(-c4cc(Cl)ccc4OC(F)F)n3)CC21,0.1135092748275181
CN(C1CCN(C(=O)Cn2cc(NC(=O)c3cnn4cccnc34)c(-c3cc(Cl)ccc3OC(F)F)n2)CC1)C1(C#N)CC1,0.1307682802690238
CN(CC1OCCO1)C1CCN(C(=O)Cn2cc(NC(=O)c3cnn4cccnc34)c(-c3cc(Cl)ccc3OC(F)F)n2)CC1,-0.0644579892269184
O=C(Nc1cn(CC(=O)N2CCC(N3CCSCC3)CC2)nc1-c1cc(Cl)ccc1OC(F)F)c1cnn2cccnc12,0.1739251972991735
CN(CC1(CC#N)CC1)C1CCN(C(=O)Cn2cc(NC(=O)c3cnn4cccnc34)c(-c3cc(Cl)ccc3OC(F)F)n2)CC1,0.0087739243075051
N#CC1(NC2CCN(C(=O)Cn3cc(NC(=O)c4cnn5cccnc45)c(-c4cc(Cl)ccc4OC(F)F)n3)CC2)CC1,0.1249387366082999
O=C(Nc1cn(CC(=O)N2CCN(C3CCOC3)CC2)nc1-c1cc(Cl)ccc1OC(F)F)c1cnn2cccnc12,0.0555173278498313
CN(CC1(C)OCCO1)C1CCN(C(=O)Cn2cc(NC(=O)c3cnn4cccnc34)c(-c3cc(Cl)ccc3OC(F)F)n2)CC1,-0.2833012287035495
O=C(Nc1cn(CC(=O)N2CC3CCCNC3C2)nc1-c1cc(Cl)ccc1OC(F)F)c1cnn2cccnc12,0.1079053973095195
CN1CCCC2CN(C(=O)Cn3cc(NC(=O)c4cnn5cccnc45)c(-c4cc(Cl)ccc4OC(F)F)n3)CC21,0.2676062401770315
O=C(Nc1cn(CC(=O)N2CCC(N3CCCOCC3)CC2)nc1-c1cc(Cl)ccc1OC(F)F)c1cnn2cccnc12,-0.1702617153949573
O=C(Nc1cn(CC(=O)N2CCC(N3CC[S+](O)CC3)CC2)nc1-c1cc(Cl)ccc1OC(F)F)c1cnn2cccnc12,0.2006594505464183
O=C(Nc1cn(CC(=O)N2C[C@@H]3CCN[C@@H]3C2)nc1-c1cc(Cl)ccc1OC(F)F)c1cnn2cccnc12,0.0506099933550872
O=C(Nc1cn(CC(=O)N2CCC(N3CCNCC3=O)CC2)nc1-c1cc(Cl)ccc1OC(F)F)c1cnn2cccnc12,0.0604807473813814
N#CC1CN(C2CCN(C(=O)Cn3cc(NC(=O)c4cnn5cccnc45)c(-c4cc(Cl)ccc4OC(F)F)n3)CC2)C1,-0.1139433523068367
O=C(Nc1cn(CC(=O)N2CCC(N3C[C@@H]4C[C@H]3CO4)CC2)nc1-c1cc(Cl)ccc1OC(F)F)c1cnn2cccnc12,-0.0969100130080564
CN1CCN(C2CCN(C(=O)Cn3cc(NC(=O)c4cnn5cccnc45)c(-c4cc(Cl)ccc4OC(F)F)n3)CC2)C(=O)C1,0.0555173278498313
O=C(Nc1cn(CC(=O)N2CCC(N3CC4CC(C3)O4)CC2)nc1-c1cc(Cl)ccc1OC(F)F)c1cnn2cccnc12,0.0132282657337551
O=C(Nc1cn(Cc2cn(C3CCNCC3)nn2)nc1-c1cc(Cl)ccc1OC(F)F)c1cnn2cccnc12,0.1870866433571444
O=C(Nc1cn(CC(=O)N2CCC(OCC(=O)N3CCOCC3)CC2)nc1-c1cc(Cl)ccc1OC(F)F)c1cnn2cccnc12,-0.1139433523068367
CN1CCC(n2cc(Cn3cc(NC(=O)c4cnn5cccnc45)c(-c4cc(Cl)ccc4OC(F)F)n3)nn2)CC1,0.638272163982407
O=C(Nc1cn(Cc2cn(C3CCN(C4CCOC4)CC3)nn2)nc1-c1cc(Cl)ccc1OC(F)F)c1cnn2cccnc12,0.8239087409443188
N#CCCCNC1CCN(C(=O)Cn2cc(NC(=O)c3cnn4cccnc34)c(-c3cc(Cl)ccc3OC(F)F)n2)CC1,-0.0453229787866574
O=C(Nc1cn(Cc2cn(C3CCN(C4CCOCC4)CC3)nn2)nc1-c1cc(Cl)ccc1OC(F)F)c1cnn2cccnc12,0.585026652029182
O=C(Nc1cn(CC(=O)N2CCN(CC3CCOCC3)CC2)nc1-c1cc(Cl)ccc1OC(F)F)c1cnn2cccnc12,0.0457574905606751
CN(C1CCN(C(=O)Cn2cc(NC(=O)c3cnn4cccnc34)c(-c3cc(Cl)ccc3OC(F)F)n2)CC1)C1COC1,0.1426675035687315
O=C(Nc1cn(CC(=O)N2CCN(CCN3CCSCC3)CC2)nc1-c1cc(Cl)ccc1OC(F)F)c1cnn2cccnc12,-0.041392685158225
N#CCCCN1CCN(C(=O)Cn2cc(NC(=O)c3cnn4cccnc34)c(-c3cc(Cl)ccc3OC(F)F)n2)CC1,0.0757207139381183
N#CC1CCN(C2CCN(C(=O)Cn3cc(NC(=O)c4cnn5cccnc45)c(-c4cc(Cl)ccc4OC(F)F)n3)CC2)CC1,0.0655015487564322
CC(F)(F)CNC1CCN(C(=O)Cn2cc(NC(=O)c3cnn4cccnc34)c(-c3cc(Cl)ccc3OC(F)F)n2)CC1,0.1549019599857432
CN(CCCC#N)C1CCN(C(=O)Cn2cc(NC(=O)c3cnn4cccnc34)c(-c3cc(Cl)ccc3OC(F)F)n2)CC1,-0.1492191126553798
CN(CC(C)(C)C#N)C1CCN(C(=O)Cn2cc(NC(=O)c3cnn4cccnc34)c(-c3cc(Cl)ccc3OC(F)F)n2)CC1,0.2518119729937995
CC(C)(C#N)CNC1CCN(C(=O)Cn2cc(NC(=O)c3cnn4cccnc34)c(-c3cc(Cl)ccc3OC(F)F)n2)CC1,0.1307682802690238
CN(CC1(C#N)CC1)C1CCN(C(=O)Cn2cc(NC(=O)c3cnn4cccnc34)c(-c3cc(Cl)ccc3OC(F)F)n2)CC1,0.1938200260161128
N#CC1(CNC2CCN(C(=O)Cn3cc(NC(=O)c4cnn5cccnc45)c(-c4cc(Cl)ccc4OC(F)F)n3)CC2)CC1,0.0362121726544447
N#Cc1cc(F)c(C(=O)Nc2ccnc(NC(=O)[C@H]3C[C@H]3F)c2)c(Cl)c1,-1.792391689498254
O=C(Nc1cc2cc(-c3c(Cl)cccc3Cl)ccc2cn1)C1CC1,-1.2041199826559248
O=C(Nc1nccc2cc(-c3c(Cl)cccc3Cl)ccc12)C1CC1,-2.1760912590556813
O=C(Nc1cc2nc(-c3c(Cl)cccc3Cl)[nH]c2cn1)C1CC1,-3.505149978319906
O=C(Nc1nccc2nc(-c3c(Cl)cccc3Cl)[nH]c12)C1CC1,-2.1760912590556813
Cn1c(-c2c(Cl)cccc2Cl)nc2c(NC(=O)C3CC3)nccc21,-2.113943352306837
Cn1c(-c2c(Cl)cccc2Cl)nc2ccnc(NC(=O)C3CC3)c21,-3.322219294733919
O=C(Nc1nccc2nc(-c3c(Cl)cccc3Cl)oc12)C1CC1,-2.9542425094393248
O=C(Nc1nccc2oc(-c3c(Cl)cccc3Cl)nc12)C1CC1,-2.770852011642144
O=C(Nc1nccc2cc(-c3c(Cl)cccc3Cl)oc12)C1CC1,-2.568201724066995
O=C(Nc1nccc2cc(-c3c(Cl)cccc3Cl)sc12)C1CC1,-0.8195439355418687
O=C(Nc1nccc2nc(-c3c(Cl)cccc3Cl)sc12)C1CC1,-1.414973347970818
O=C(Nc1nccc2nn(-c3c(Cl)cccc3Cl)cc12)C1CC1,-2.278753600952829
Clc1cccc(Cl)c1-c1nc2ccnc(Nc3ccncn3)c2[nH]1,-1.977723605288848
Cc1cc(Nc2nccc3nc(-c4c(Cl)cccc4Cl)[nH]c23)ncn1,-1.3222192947339193
Nc1cc(Nc2nccc3nc(-c4c(Cl)cccc4Cl)[nH]c23)ncn1,-1.146128035678238
CNc1cc(Nc2nccc3nc(-c4c(Cl)cccc4Cl)[nH]c23)ncn1,-1.414973347970818
N#Cc1ccnc(Nc2nccc3nc(-c4c(Cl)cccc4Cl)[nH]c23)c1,-1.968482948553935
COc1cc(Nc2nccc3nc(-c4c(Cl)cccc4Cl)[nH]c23)ncn1,-2.041392685158225
CN(C)c1cc(Nc2nccc3nc(-c4c(Cl)cccc4Cl)[nH]c23)ncn1,-1.5314789170422551
Clc1cccc(Cl)c1-c1nc2ccnc(Nc3cc(N4CCCC4)ncn3)c2[nH]1,-1.2041199826559248
Clc1cccc(Cl)c1-c1nc2ccnc(Nc3cc(N4CCOCC4)ncn3)c2[nH]1,-0.8129133566428556
OC1CCN(c2cc(Nc3nccc4nc(-c5c(Cl)cccc5Cl)[nH]c34)ncn2)CC1,-0.7323937598229685
Clc1cccc(Cl)c1-c1nc2ccnc(Nc3cc(N4CCN(C5COC5)CC4)ncn3)c2[nH]1,-1.146128035678238
OCCN1CCN(c2cc(Nc3nccc4nc(-c5c(Cl)cccc5Cl)[nH]c34)ncn2)CC1,-1.0
Cc1nccc(Nc2nccc3nc(-c4c(Cl)cccc4Cl)[nH]c23)n1,-2.6434526764861874
Cc1nc(Nc2nccc3nc(-c4c(Cl)cccc4Cl)[nH]c23)cc(N(C)C)n1,-1.6334684555795866
Cc1cc(Nc2nccc3nc(-c4c(Cl)cccc4Cl)[nH]c23)nc(N(C)C)n1,-2.690196080028514
Cc1cc(Nc2nccc3nc(-c4c(Cl)cc(C#N)cc4Cl)[nH]c23)ncn1,-1.3424226808222062
N#Cc1cc(Cl)c(-c2nc3ccnc(Nc4cc(N)ncn4)c3[nH]2)c(Cl)c1,-1.3617278360175928
CNc1cc(Nc2nccc3nc(-c4c(Cl)cc(C#N)cc4Cl)[nH]c23)ncn1,-1.5563025007672873
CS(=O)(=O)Nc1cccc(CC(=O)Nc2nc(-c3c[nH]c4ncccc34)cs2)c1,-2.6020599913279625
CN1CCN(CCCOc2cccc(CC(=O)Nc3nc(-c4c[nH]c5ncccc45)cs3)c2)CC1,-3.643452676486187
CNCc1ccc(-c2cc(-c3nc(-c4ccc(S(=O)(=O)C(C)C)cc4)cnc3N)on2)cc1,-2.1760912590556813
CC(C)(C#N)c1cccc(-c2ccnc3[nH]ccc23)n1,-1.1139433523068367
CC(C)(C#N)c1cccc(-c2ccnc3[nH]ncc23)n1,-1.934498451243568
CC(C)(C#N)c1cccc(-c2ccnc3[nH]ncc23)c1,-2.431363764158988
Cc1cc(Nc2nc(N[C@@H](C)c3ccc(F)cc3)c(C#N)cc2F)n[nH]1,0.3467874862246563
